[    3932ms] [INFO] Slow network is detected. See https://www.chromestatus.com/feature/5636954674692096 for more details. Fallback font will be used while loading: https://fonts.gstatic.com/s/figtree/v9/_Xms-HUzqDCFdgfMm4S9DaRvzig.woff2 @ https://sbxkedebah-v2.npontu.com/clients/sign-in:0
[    4031ms] [VERBOSE] [DOM] Input elements should have autocomplete attributes (suggested: "username"): (More info: https://goo.gl/9p2vKq) %o @ https://sbxkedebah-v2.npontu.com/clients/sign-in:0
[   18713ms] [WARNING] WebSocket connection to 'wss://sbx-notify.kedebahlite.com:4444/app/wwypulxmt0gisyx9bav4?protocol=7&client=js&version=8.4.0&flash=false' failed: WebSocket is closed before the connection is established. @ https://sbxkedebah-v2.npontu.com/build/assets/app-BQac9LSS.js:7
[   48716ms] [WARNING] WebSocket connection to 'wss://sbx-notify.kedebahlite.com:4444/app/wwypulxmt0gisyx9bav4?protocol=7&client=js&version=8.4.0&flash=false' failed: WebSocket is closed before the connection is established. @ https://sbxkedebah-v2.npontu.com/build/assets/app-BQac9LSS.js:7
[  108722ms] [WARNING] WebSocket connection to 'wss://sbx-notify.kedebahlite.com:4444/app/wwypulxmt0gisyx9bav4?protocol=7&client=js&version=8.4.0&flash=false' failed: WebSocket is closed before the connection is established. @ https://sbxkedebah-v2.npontu.com/build/assets/app-BQac9LSS.js:7
[  168725ms] [WARNING] WebSocket connection to 'wss://sbx-notify.kedebahlite.com:4444/app/wwypulxmt0gisyx9bav4?protocol=7&client=js&version=8.4.0&flash=false' failed: WebSocket is closed before the connection is established. @ https://sbxkedebah-v2.npontu.com/build/assets/app-BQac9LSS.js:7
[  228730ms] [WARNING] WebSocket connection to 'wss://sbx-notify.kedebahlite.com:4444/app/wwypulxmt0gisyx9bav4?protocol=7&client=js&version=8.4.0&flash=false' failed: WebSocket is closed before the connection is established. @ https://sbxkedebah-v2.npontu.com/build/assets/app-BQac9LSS.js:7
[  288733ms] [WARNING] WebSocket connection to 'wss://sbx-notify.kedebahlite.com:4444/app/wwypulxmt0gisyx9bav4?protocol=7&client=js&version=8.4.0&flash=false' failed: WebSocket is closed before the connection is established. @ https://sbxkedebah-v2.npontu.com/build/assets/app-BQac9LSS.js:7
[  348738ms] [WARNING] WebSocket connection to 'wss://sbx-notify.kedebahlite.com:4444/app/wwypulxmt0gisyx9bav4?protocol=7&client=js&version=8.4.0&flash=false' failed: WebSocket is closed before the connection is established. @ https://sbxkedebah-v2.npontu.com/build/assets/app-BQac9LSS.js:7
[  408741ms] [WARNING] WebSocket connection to 'wss://sbx-notify.kedebahlite.com:4444/app/wwypulxmt0gisyx9bav4?protocol=7&client=js&version=8.4.0&flash=false' failed: WebSocket is closed before the connection is established. @ https://sbxkedebah-v2.npontu.com/build/assets/app-BQac9LSS.js:7
[  468745ms] [WARNING] WebSocket connection to 'wss://sbx-notify.kedebahlite.com:4444/app/wwypulxmt0gisyx9bav4?protocol=7&client=js&version=8.4.0&flash=false' failed: WebSocket is closed before the connection is established. @ https://sbxkedebah-v2.npontu.com/build/assets/app-BQac9LSS.js:7
[  528750ms] [WARNING] WebSocket connection to 'wss://sbx-notify.kedebahlite.com:4444/app/wwypulxmt0gisyx9bav4?protocol=7&client=js&version=8.4.0&flash=false' failed: WebSocket is closed before the connection is established. @ https://sbxkedebah-v2.npontu.com/build/assets/app-BQac9LSS.js:7
[  588751ms] [WARNING] WebSocket connection to 'wss://sbx-notify.kedebahlite.com:4444/app/wwypulxmt0gisyx9bav4?protocol=7&client=js&version=8.4.0&flash=false' failed: WebSocket is closed before the connection is established. @ https://sbxkedebah-v2.npontu.com/build/assets/app-BQac9LSS.js:7
[  648753ms] [WARNING] WebSocket connection to 'wss://sbx-notify.kedebahlite.com:4444/app/wwypulxmt0gisyx9bav4?protocol=7&client=js&version=8.4.0&flash=false' failed: WebSocket is closed before the connection is established. @ https://sbxkedebah-v2.npontu.com/build/assets/app-BQac9LSS.js:7
[  708757ms] [WARNING] WebSocket connection to 'wss://sbx-notify.kedebahlite.com:4444/app/wwypulxmt0gisyx9bav4?protocol=7&client=js&version=8.4.0&flash=false' failed: WebSocket is closed before the connection is established. @ https://sbxkedebah-v2.npontu.com/build/assets/app-BQac9LSS.js:7
[  768760ms] [WARNING] WebSocket connection to 'wss://sbx-notify.kedebahlite.com:4444/app/wwypulxmt0gisyx9bav4?protocol=7&client=js&version=8.4.0&flash=false' failed: WebSocket is closed before the connection is established. @ https://sbxkedebah-v2.npontu.com/build/assets/app-BQac9LSS.js:7
[  828762ms] [WARNING] WebSocket connection to 'wss://sbx-notify.kedebahlite.com:4444/app/wwypulxmt0gisyx9bav4?protocol=7&client=js&version=8.4.0&flash=false' failed: WebSocket is closed before the connection is established. @ https://sbxkedebah-v2.npontu.com/build/assets/app-BQac9LSS.js:7
[  888763ms] [WARNING] WebSocket connection to 'wss://sbx-notify.kedebahlite.com:4444/app/wwypulxmt0gisyx9bav4?protocol=7&client=js&version=8.4.0&flash=false' failed: WebSocket is closed before the connection is established. @ https://sbxkedebah-v2.npontu.com/build/assets/app-BQac9LSS.js:7
[  948764ms] [WARNING] WebSocket connection to 'wss://sbx-notify.kedebahlite.com:4444/app/wwypulxmt0gisyx9bav4?protocol=7&client=js&version=8.4.0&flash=false' failed: WebSocket is closed before the connection is established. @ https://sbxkedebah-v2.npontu.com/build/assets/app-BQac9LSS.js:7
[ 1008767ms] [WARNING] WebSocket connection to 'wss://sbx-notify.kedebahlite.com:4444/app/wwypulxmt0gisyx9bav4?protocol=7&client=js&version=8.4.0&flash=false' failed: WebSocket is closed before the connection is established. @ https://sbxkedebah-v2.npontu.com/build/assets/app-BQac9LSS.js:7
[ 1068771ms] [WARNING] WebSocket connection to 'wss://sbx-notify.kedebahlite.com:4444/app/wwypulxmt0gisyx9bav4?protocol=7&client=js&version=8.4.0&flash=false' failed: WebSocket is closed before the connection is established. @ https://sbxkedebah-v2.npontu.com/build/assets/app-BQac9LSS.js:7
[ 1128774ms] [WARNING] WebSocket connection to 'wss://sbx-notify.kedebahlite.com:4444/app/wwypulxmt0gisyx9bav4?protocol=7&client=js&version=8.4.0&flash=false' failed: WebSocket is closed before the connection is established. @ https://sbxkedebah-v2.npontu.com/build/assets/app-BQac9LSS.js:7
[ 1188777ms] [WARNING] WebSocket connection to 'wss://sbx-notify.kedebahlite.com:4444/app/wwypulxmt0gisyx9bav4?protocol=7&client=js&version=8.4.0&flash=false' failed: WebSocket is closed before the connection is established. @ https://sbxkedebah-v2.npontu.com/build/assets/app-BQac9LSS.js:7
[ 1204573ms] [ERROR] WebSocket connection to 'wss://sbx-notify.kedebahlite.com:4444/app/wwypulxmt0gisyx9bav4?protocol=7&client=js&version=8.4.0&flash=false' failed: Error in connection establishment: net::ERR_NETWORK_IO_SUSPENDED @ https://sbxkedebah-v2.npontu.com/build/assets/app-BQac9LSS.js:8
[ 1704115ms] [WARNING] WebSocket connection to 'wss://sbx-notify.kedebahlite.com:4444/app/wwypulxmt0gisyx9bav4?protocol=7&client=js&version=8.4.0&flash=false' failed: WebSocket is closed before the connection is established. @ https://sbxkedebah-v2.npontu.com/build/assets/app-BQac9LSS.js:7
[ 1704126ms] [ERROR] WebSocket connection to 'wss://sbx-notify.kedebahlite.com:4444/app/wwypulxmt0gisyx9bav4?protocol=7&client=js&version=8.4.0&flash=false' failed: Error in connection establishment: net::ERR_INTERNET_DISCONNECTED @ https://sbxkedebah-v2.npontu.com/build/assets/app-BQac9LSS.js:8
[ 1734136ms] [ERROR] WebSocket connection to 'wss://sbx-notify.kedebahlite.com:4444/app/wwypulxmt0gisyx9bav4?protocol=7&client=js&version=8.4.0&flash=false' failed: Error in connection establishment: net::ERR_INTERNET_DISCONNECTED @ https://sbxkedebah-v2.npontu.com/build/assets/app-BQac9LSS.js:8
[ 1794128ms] [ERROR] WebSocket connection to 'wss://sbx-notify.kedebahlite.com:4444/app/wwypulxmt0gisyx9bav4?protocol=7&client=js&version=8.4.0&flash=false' failed: Error in connection establishment: net::ERR_INTERNET_DISCONNECTED @ https://sbxkedebah-v2.npontu.com/build/assets/app-BQac9LSS.js:8
[ 1854133ms] [ERROR] WebSocket connection to 'wss://sbx-notify.kedebahlite.com:4444/app/wwypulxmt0gisyx9bav4?protocol=7&client=js&version=8.4.0&flash=false' failed: Error in connection establishment: net::ERR_INTERNET_DISCONNECTED @ https://sbxkedebah-v2.npontu.com/build/assets/app-BQac9LSS.js:8
[ 1914132ms] [ERROR] WebSocket connection to 'wss://sbx-notify.kedebahlite.com:4444/app/wwypulxmt0gisyx9bav4?protocol=7&client=js&version=8.4.0&flash=false' failed: Error in connection establishment: net::ERR_INTERNET_DISCONNECTED @ https://sbxkedebah-v2.npontu.com/build/assets/app-BQac9LSS.js:8
[ 1974133ms] [ERROR] WebSocket connection to 'wss://sbx-notify.kedebahlite.com:4444/app/wwypulxmt0gisyx9bav4?protocol=7&client=js&version=8.4.0&flash=false' failed: Error in connection establishment: net::ERR_INTERNET_DISCONNECTED @ https://sbxkedebah-v2.npontu.com/build/assets/app-BQac9LSS.js:8
[ 2034132ms] [ERROR] WebSocket connection to 'wss://sbx-notify.kedebahlite.com:4444/app/wwypulxmt0gisyx9bav4?protocol=7&client=js&version=8.4.0&flash=false' failed: Error in connection establishment: net::ERR_INTERNET_DISCONNECTED @ https://sbxkedebah-v2.npontu.com/build/assets/app-BQac9LSS.js:8
[ 2183796ms] [ERROR] WebSocket connection to 'wss://sbx-notify.kedebahlite.com:4444/app/wwypulxmt0gisyx9bav4?protocol=7&client=js&version=8.4.0&flash=false' failed: Error in connection establishment: net::ERR_INTERNET_DISCONNECTED @ https://sbxkedebah-v2.npontu.com/build/assets/app-BQac9LSS.js:8
[ 2377458ms] [WARNING] WebSocket connection to 'wss://sbx-notify.kedebahlite.com:4444/app/wwypulxmt0gisyx9bav4?protocol=7&client=js&version=8.4.0&flash=false' failed: WebSocket is closed before the connection is established. @ https://sbxkedebah-v2.npontu.com/build/assets/app-BQac9LSS.js:7
[ 2407462ms] [WARNING] WebSocket connection to 'wss://sbx-notify.kedebahlite.com:4444/app/wwypulxmt0gisyx9bav4?protocol=7&client=js&version=8.4.0&flash=false' failed: WebSocket is closed before the connection is established. @ https://sbxkedebah-v2.npontu.com/build/assets/app-BQac9LSS.js:7
[ 2467466ms] [WARNING] WebSocket connection to 'wss://sbx-notify.kedebahlite.com:4444/app/wwypulxmt0gisyx9bav4?protocol=7&client=js&version=8.4.0&flash=false' failed: WebSocket is closed before the connection is established. @ https://sbxkedebah-v2.npontu.com/build/assets/app-BQac9LSS.js:7
[ 2527469ms] [WARNING] WebSocket connection to 'wss://sbx-notify.kedebahlite.com:4444/app/wwypulxmt0gisyx9bav4?protocol=7&client=js&version=8.4.0&flash=false' failed: WebSocket is closed before the connection is established. @ https://sbxkedebah-v2.npontu.com/build/assets/app-BQac9LSS.js:7
[ 2587477ms] [WARNING] WebSocket connection to 'wss://sbx-notify.kedebahlite.com:4444/app/wwypulxmt0gisyx9bav4?protocol=7&client=js&version=8.4.0&flash=false' failed: WebSocket is closed before the connection is established. @ https://sbxkedebah-v2.npontu.com/build/assets/app-BQac9LSS.js:7
[ 2647484ms] [WARNING] WebSocket connection to 'wss://sbx-notify.kedebahlite.com:4444/app/wwypulxmt0gisyx9bav4?protocol=7&client=js&version=8.4.0&flash=false' failed: WebSocket is closed before the connection is established. @ https://sbxkedebah-v2.npontu.com/build/assets/app-BQac9LSS.js:7
[ 2707492ms] [WARNING] WebSocket connection to 'wss://sbx-notify.kedebahlite.com:4444/app/wwypulxmt0gisyx9bav4?protocol=7&client=js&version=8.4.0&flash=false' failed: WebSocket is closed before the connection is established. @ https://sbxkedebah-v2.npontu.com/build/assets/app-BQac9LSS.js:7
[ 2767499ms] [WARNING] WebSocket connection to 'wss://sbx-notify.kedebahlite.com:4444/app/wwypulxmt0gisyx9bav4?protocol=7&client=js&version=8.4.0&flash=false' failed: WebSocket is closed before the connection is established. @ https://sbxkedebah-v2.npontu.com/build/assets/app-BQac9LSS.js:7
[ 2827505ms] [WARNING] WebSocket connection to 'wss://sbx-notify.kedebahlite.com:4444/app/wwypulxmt0gisyx9bav4?protocol=7&client=js&version=8.4.0&flash=false' failed: WebSocket is closed before the connection is established. @ https://sbxkedebah-v2.npontu.com/build/assets/app-BQac9LSS.js:7
[ 2887507ms] [WARNING] WebSocket connection to 'wss://sbx-notify.kedebahlite.com:4444/app/wwypulxmt0gisyx9bav4?protocol=7&client=js&version=8.4.0&flash=false' failed: WebSocket is closed before the connection is established. @ https://sbxkedebah-v2.npontu.com/build/assets/app-BQac9LSS.js:7
[ 2947507ms] [WARNING] WebSocket connection to 'wss://sbx-notify.kedebahlite.com:4444/app/wwypulxmt0gisyx9bav4?protocol=7&client=js&version=8.4.0&flash=false' failed: WebSocket is closed before the connection is established. @ https://sbxkedebah-v2.npontu.com/build/assets/app-BQac9LSS.js:7
[ 3007507ms] [WARNING] WebSocket connection to 'wss://sbx-notify.kedebahlite.com:4444/app/wwypulxmt0gisyx9bav4?protocol=7&client=js&version=8.4.0&flash=false' failed: WebSocket is closed before the connection is established. @ https://sbxkedebah-v2.npontu.com/build/assets/app-BQac9LSS.js:7
[ 3067512ms] [WARNING] WebSocket connection to 'wss://sbx-notify.kedebahlite.com:4444/app/wwypulxmt0gisyx9bav4?protocol=7&client=js&version=8.4.0&flash=false' failed: WebSocket is closed before the connection is established. @ https://sbxkedebah-v2.npontu.com/build/assets/app-BQac9LSS.js:7
[ 3072517ms] [ERROR] WebSocket connection to 'wss://sbx-notify.kedebahlite.com:4444/app/wwypulxmt0gisyx9bav4?protocol=7&client=js&version=8.4.0&flash=false' failed: Error in connection establishment: net::ERR_NAME_NOT_RESOLVED @ https://sbxkedebah-v2.npontu.com/build/assets/app-BQac9LSS.js:8
[ 3088559ms] [WARNING] WebSocket connection to 'wss://sbx-notify.kedebahlite.com:4444/app/wwypulxmt0gisyx9bav4?protocol=7&client=js&version=8.4.0&flash=false' failed: WebSocket is closed before the connection is established. @ https://sbxkedebah-v2.npontu.com/build/assets/app-BQac9LSS.js:7
[ 3118563ms] [WARNING] WebSocket connection to 'wss://sbx-notify.kedebahlite.com:4444/app/wwypulxmt0gisyx9bav4?protocol=7&client=js&version=8.4.0&flash=false' failed: WebSocket is closed before the connection is established. @ https://sbxkedebah-v2.npontu.com/build/assets/app-BQac9LSS.js:7
[ 3178569ms] [WARNING] WebSocket connection to 'wss://sbx-notify.kedebahlite.com:4444/app/wwypulxmt0gisyx9bav4?protocol=7&client=js&version=8.4.0&flash=false' failed: WebSocket is closed before the connection is established. @ https://sbxkedebah-v2.npontu.com/build/assets/app-BQac9LSS.js:7
[ 3238573ms] [WARNING] WebSocket connection to 'wss://sbx-notify.kedebahlite.com:4444/app/wwypulxmt0gisyx9bav4?protocol=7&client=js&version=8.4.0&flash=false' failed: WebSocket is closed before the connection is established. @ https://sbxkedebah-v2.npontu.com/build/assets/app-BQac9LSS.js:7
[ 3298580ms] [WARNING] WebSocket connection to 'wss://sbx-notify.kedebahlite.com:4444/app/wwypulxmt0gisyx9bav4?protocol=7&client=js&version=8.4.0&flash=false' failed: WebSocket is closed before the connection is established. @ https://sbxkedebah-v2.npontu.com/build/assets/app-BQac9LSS.js:7
[ 3358583ms] [WARNING] WebSocket connection to 'wss://sbx-notify.kedebahlite.com:4444/app/wwypulxmt0gisyx9bav4?protocol=7&client=js&version=8.4.0&flash=false' failed: WebSocket is closed before the connection is established. @ https://sbxkedebah-v2.npontu.com/build/assets/app-BQac9LSS.js:7
[ 3418584ms] [WARNING] WebSocket connection to 'wss://sbx-notify.kedebahlite.com:4444/app/wwypulxmt0gisyx9bav4?protocol=7&client=js&version=8.4.0&flash=false' failed: WebSocket is closed before the connection is established. @ https://sbxkedebah-v2.npontu.com/build/assets/app-BQac9LSS.js:7
[ 3478588ms] [WARNING] WebSocket connection to 'wss://sbx-notify.kedebahlite.com:4444/app/wwypulxmt0gisyx9bav4?protocol=7&client=js&version=8.4.0&flash=false' failed: WebSocket is closed before the connection is established. @ https://sbxkedebah-v2.npontu.com/build/assets/app-BQac9LSS.js:7
[ 3538595ms] [WARNING] WebSocket connection to 'wss://sbx-notify.kedebahlite.com:4444/app/wwypulxmt0gisyx9bav4?protocol=7&client=js&version=8.4.0&flash=false' failed: WebSocket is closed before the connection is established. @ https://sbxkedebah-v2.npontu.com/build/assets/app-BQac9LSS.js:7
[ 3598599ms] [WARNING] WebSocket connection to 'wss://sbx-notify.kedebahlite.com:4444/app/wwypulxmt0gisyx9bav4?protocol=7&client=js&version=8.4.0&flash=false' failed: WebSocket is closed before the connection is established. @ https://sbxkedebah-v2.npontu.com/build/assets/app-BQac9LSS.js:7
[ 3658603ms] [WARNING] WebSocket connection to 'wss://sbx-notify.kedebahlite.com:4444/app/wwypulxmt0gisyx9bav4?protocol=7&client=js&version=8.4.0&flash=false' failed: WebSocket is closed before the connection is established. @ https://sbxkedebah-v2.npontu.com/build/assets/app-BQac9LSS.js:7
[ 3718607ms] [WARNING] WebSocket connection to 'wss://sbx-notify.kedebahlite.com:4444/app/wwypulxmt0gisyx9bav4?protocol=7&client=js&version=8.4.0&flash=false' failed: WebSocket is closed before the connection is established. @ https://sbxkedebah-v2.npontu.com/build/assets/app-BQac9LSS.js:7
[ 3778612ms] [WARNING] WebSocket connection to 'wss://sbx-notify.kedebahlite.com:4444/app/wwypulxmt0gisyx9bav4?protocol=7&client=js&version=8.4.0&flash=false' failed: WebSocket is closed before the connection is established. @ https://sbxkedebah-v2.npontu.com/build/assets/app-BQac9LSS.js:7
[ 3838616ms] [WARNING] WebSocket connection to 'wss://sbx-notify.kedebahlite.com:4444/app/wwypulxmt0gisyx9bav4?protocol=7&client=js&version=8.4.0&flash=false' failed: WebSocket is closed before the connection is established. @ https://sbxkedebah-v2.npontu.com/build/assets/app-BQac9LSS.js:7
[ 3898617ms] [WARNING] WebSocket connection to 'wss://sbx-notify.kedebahlite.com:4444/app/wwypulxmt0gisyx9bav4?protocol=7&client=js&version=8.4.0&flash=false' failed: WebSocket is closed before the connection is established. @ https://sbxkedebah-v2.npontu.com/build/assets/app-BQac9LSS.js:7
[ 3958617ms] [WARNING] WebSocket connection to 'wss://sbx-notify.kedebahlite.com:4444/app/wwypulxmt0gisyx9bav4?protocol=7&client=js&version=8.4.0&flash=false' failed: WebSocket is closed before the connection is established. @ https://sbxkedebah-v2.npontu.com/build/assets/app-BQac9LSS.js:7
[ 4018618ms] [WARNING] WebSocket connection to 'wss://sbx-notify.kedebahlite.com:4444/app/wwypulxmt0gisyx9bav4?protocol=7&client=js&version=8.4.0&flash=false' failed: WebSocket is closed before the connection is established. @ https://sbxkedebah-v2.npontu.com/build/assets/app-BQac9LSS.js:7
[ 4078619ms] [WARNING] WebSocket connection to 'wss://sbx-notify.kedebahlite.com:4444/app/wwypulxmt0gisyx9bav4?protocol=7&client=js&version=8.4.0&flash=false' failed: WebSocket is closed before the connection is established. @ https://sbxkedebah-v2.npontu.com/build/assets/app-BQac9LSS.js:7
[ 4138622ms] [WARNING] WebSocket connection to 'wss://sbx-notify.kedebahlite.com:4444/app/wwypulxmt0gisyx9bav4?protocol=7&client=js&version=8.4.0&flash=false' failed: WebSocket is closed before the connection is established. @ https://sbxkedebah-v2.npontu.com/build/assets/app-BQac9LSS.js:7
[ 4198626ms] [WARNING] WebSocket connection to 'wss://sbx-notify.kedebahlite.com:4444/app/wwypulxmt0gisyx9bav4?protocol=7&client=js&version=8.4.0&flash=false' failed: WebSocket is closed before the connection is established. @ https://sbxkedebah-v2.npontu.com/build/assets/app-BQac9LSS.js:7
[ 4258629ms] [WARNING] WebSocket connection to 'wss://sbx-notify.kedebahlite.com:4444/app/wwypulxmt0gisyx9bav4?protocol=7&client=js&version=8.4.0&flash=false' failed: WebSocket is closed before the connection is established. @ https://sbxkedebah-v2.npontu.com/build/assets/app-BQac9LSS.js:7
[ 4318635ms] [WARNING] WebSocket connection to 'wss://sbx-notify.kedebahlite.com:4444/app/wwypulxmt0gisyx9bav4?protocol=7&client=js&version=8.4.0&flash=false' failed: WebSocket is closed before the connection is established. @ https://sbxkedebah-v2.npontu.com/build/assets/app-BQac9LSS.js:7
[ 4341331ms] [ERROR] WebSocket connection to 'wss://sbx-notify.kedebahlite.com:4444/app/wwypulxmt0gisyx9bav4?protocol=7&client=js&version=8.4.0&flash=false' failed: Error in connection establishment: net::ERR_NETWORK_IO_SUSPENDED @ https://sbxkedebah-v2.npontu.com/build/assets/app-BQac9LSS.js:8
[ 4558483ms] [WARNING] WebSocket connection to 'wss://sbx-notify.kedebahlite.com:4444/app/wwypulxmt0gisyx9bav4?protocol=7&client=js&version=8.4.0&flash=false' failed: WebSocket is closed before the connection is established. @ https://sbxkedebah-v2.npontu.com/build/assets/app-BQac9LSS.js:7
[ 4618488ms] [WARNING] WebSocket connection to 'wss://sbx-notify.kedebahlite.com:4444/app/wwypulxmt0gisyx9bav4?protocol=7&client=js&version=8.4.0&flash=false' failed: WebSocket is closed before the connection is established. @ https://sbxkedebah-v2.npontu.com/build/assets/app-BQac9LSS.js:7
[ 4678490ms] [WARNING] WebSocket connection to 'wss://sbx-notify.kedebahlite.com:4444/app/wwypulxmt0gisyx9bav4?protocol=7&client=js&version=8.4.0&flash=false' failed: WebSocket is closed before the connection is established. @ https://sbxkedebah-v2.npontu.com/build/assets/app-BQac9LSS.js:7
[ 4738491ms] [WARNING] WebSocket connection to 'wss://sbx-notify.kedebahlite.com:4444/app/wwypulxmt0gisyx9bav4?protocol=7&client=js&version=8.4.0&flash=false' failed: WebSocket is closed before the connection is established. @ https://sbxkedebah-v2.npontu.com/build/assets/app-BQac9LSS.js:7
[ 4798495ms] [WARNING] WebSocket connection to 'wss://sbx-notify.kedebahlite.com:4444/app/wwypulxmt0gisyx9bav4?protocol=7&client=js&version=8.4.0&flash=false' failed: WebSocket is closed before the connection is established. @ https://sbxkedebah-v2.npontu.com/build/assets/app-BQac9LSS.js:7
[ 4858499ms] [WARNING] WebSocket connection to 'wss://sbx-notify.kedebahlite.com:4444/app/wwypulxmt0gisyx9bav4?protocol=7&client=js&version=8.4.0&flash=false' failed: WebSocket is closed before the connection is established. @ https://sbxkedebah-v2.npontu.com/build/assets/app-BQac9LSS.js:7
[ 4918505ms] [WARNING] WebSocket connection to 'wss://sbx-notify.kedebahlite.com:4444/app/wwypulxmt0gisyx9bav4?protocol=7&client=js&version=8.4.0&flash=false' failed: WebSocket is closed before the connection is established. @ https://sbxkedebah-v2.npontu.com/build/assets/app-BQac9LSS.js:7
[ 4950542ms] [WARNING] WebSocket connection to 'wss://sbx-notify.kedebahlite.com:4444/app/wwypulxmt0gisyx9bav4?protocol=7&client=js&version=8.4.0&flash=false' failed: WebSocket is closed before the connection is established. @ https://sbxkedebah-v2.npontu.com/build/assets/app-BQac9LSS.js:7
[ 4965549ms] [WARNING] WebSocket connection to 'wss://sbx-notify.kedebahlite.com:4444/app/wwypulxmt0gisyx9bav4?protocol=7&client=js&version=8.4.0&flash=false' failed: WebSocket is closed before the connection is established. @ https://sbxkedebah-v2.npontu.com/build/assets/app-BQac9LSS.js:7
[ 4995555ms] [WARNING] WebSocket connection to 'wss://sbx-notify.kedebahlite.com:4444/app/wwypulxmt0gisyx9bav4?protocol=7&client=js&version=8.4.0&flash=false' failed: WebSocket is closed before the connection is established. @ https://sbxkedebah-v2.npontu.com/build/assets/app-BQac9LSS.js:7
[ 5055558ms] [WARNING] WebSocket connection to 'wss://sbx-notify.kedebahlite.com:4444/app/wwypulxmt0gisyx9bav4?protocol=7&client=js&version=8.4.0&flash=false' failed: WebSocket is closed before the connection is established. @ https://sbxkedebah-v2.npontu.com/build/assets/app-BQac9LSS.js:7
[ 5115560ms] [WARNING] WebSocket connection to 'wss://sbx-notify.kedebahlite.com:4444/app/wwypulxmt0gisyx9bav4?protocol=7&client=js&version=8.4.0&flash=false' failed: WebSocket is closed before the connection is established. @ https://sbxkedebah-v2.npontu.com/build/assets/app-BQac9LSS.js:7
[ 5175561ms] [WARNING] WebSocket connection to 'wss://sbx-notify.kedebahlite.com:4444/app/wwypulxmt0gisyx9bav4?protocol=7&client=js&version=8.4.0&flash=false' failed: WebSocket is closed before the connection is established. @ https://sbxkedebah-v2.npontu.com/build/assets/app-BQac9LSS.js:7
[ 5235564ms] [WARNING] WebSocket connection to 'wss://sbx-notify.kedebahlite.com:4444/app/wwypulxmt0gisyx9bav4?protocol=7&client=js&version=8.4.0&flash=false' failed: WebSocket is closed before the connection is established. @ https://sbxkedebah-v2.npontu.com/build/assets/app-BQac9LSS.js:7
[ 5295565ms] [WARNING] WebSocket connection to 'wss://sbx-notify.kedebahlite.com:4444/app/wwypulxmt0gisyx9bav4?protocol=7&client=js&version=8.4.0&flash=false' failed: WebSocket is closed before the connection is established. @ https://sbxkedebah-v2.npontu.com/build/assets/app-BQac9LSS.js:7
[ 5355579ms] [WARNING] WebSocket connection to 'wss://sbx-notify.kedebahlite.com:4444/app/wwypulxmt0gisyx9bav4?protocol=7&client=js&version=8.4.0&flash=false' failed: WebSocket is closed before the connection is established. @ https://sbxkedebah-v2.npontu.com/build/assets/app-BQac9LSS.js:7
[ 5415585ms] [WARNING] WebSocket connection to 'wss://sbx-notify.kedebahlite.com:4444/app/wwypulxmt0gisyx9bav4?protocol=7&client=js&version=8.4.0&flash=false' failed: WebSocket is closed before the connection is established. @ https://sbxkedebah-v2.npontu.com/build/assets/app-BQac9LSS.js:7
[ 5475590ms] [WARNING] WebSocket connection to 'wss://sbx-notify.kedebahlite.com:4444/app/wwypulxmt0gisyx9bav4?protocol=7&client=js&version=8.4.0&flash=false' failed: WebSocket is closed before the connection is established. @ https://sbxkedebah-v2.npontu.com/build/assets/app-BQac9LSS.js:7
[ 5535592ms] [WARNING] WebSocket connection to 'wss://sbx-notify.kedebahlite.com:4444/app/wwypulxmt0gisyx9bav4?protocol=7&client=js&version=8.4.0&flash=false' failed: WebSocket is closed before the connection is established. @ https://sbxkedebah-v2.npontu.com/build/assets/app-BQac9LSS.js:7
[ 5595596ms] [WARNING] WebSocket connection to 'wss://sbx-notify.kedebahlite.com:4444/app/wwypulxmt0gisyx9bav4?protocol=7&client=js&version=8.4.0&flash=false' failed: WebSocket is closed before the connection is established. @ https://sbxkedebah-v2.npontu.com/build/assets/app-BQac9LSS.js:7
[ 5655599ms] [WARNING] WebSocket connection to 'wss://sbx-notify.kedebahlite.com:4444/app/wwypulxmt0gisyx9bav4?protocol=7&client=js&version=8.4.0&flash=false' failed: WebSocket is closed before the connection is established. @ https://sbxkedebah-v2.npontu.com/build/assets/app-BQac9LSS.js:7
[ 5715602ms] [WARNING] WebSocket connection to 'wss://sbx-notify.kedebahlite.com:4444/app/wwypulxmt0gisyx9bav4?protocol=7&client=js&version=8.4.0&flash=false' failed: WebSocket is closed before the connection is established. @ https://sbxkedebah-v2.npontu.com/build/assets/app-BQac9LSS.js:7
[ 5775602ms] [WARNING] WebSocket connection to 'wss://sbx-notify.kedebahlite.com:4444/app/wwypulxmt0gisyx9bav4?protocol=7&client=js&version=8.4.0&flash=false' failed: WebSocket is closed before the connection is established. @ https://sbxkedebah-v2.npontu.com/build/assets/app-BQac9LSS.js:7
[ 5835603ms] [WARNING] WebSocket connection to 'wss://sbx-notify.kedebahlite.com:4444/app/wwypulxmt0gisyx9bav4?protocol=7&client=js&version=8.4.0&flash=false' failed: WebSocket is closed before the connection is established. @ https://sbxkedebah-v2.npontu.com/build/assets/app-BQac9LSS.js:7
[ 5895607ms] [WARNING] WebSocket connection to 'wss://sbx-notify.kedebahlite.com:4444/app/wwypulxmt0gisyx9bav4?protocol=7&client=js&version=8.4.0&flash=false' failed: WebSocket is closed before the connection is established. @ https://sbxkedebah-v2.npontu.com/build/assets/app-BQac9LSS.js:7
[ 5955612ms] [WARNING] WebSocket connection to 'wss://sbx-notify.kedebahlite.com:4444/app/wwypulxmt0gisyx9bav4?protocol=7&client=js&version=8.4.0&flash=false' failed: WebSocket is closed before the connection is established. @ https://sbxkedebah-v2.npontu.com/build/assets/app-BQac9LSS.js:7
[ 6015616ms] [WARNING] WebSocket connection to 'wss://sbx-notify.kedebahlite.com:4444/app/wwypulxmt0gisyx9bav4?protocol=7&client=js&version=8.4.0&flash=false' failed: WebSocket is closed before the connection is established. @ https://sbxkedebah-v2.npontu.com/build/assets/app-BQac9LSS.js:7
[ 6075621ms] [WARNING] WebSocket connection to 'wss://sbx-notify.kedebahlite.com:4444/app/wwypulxmt0gisyx9bav4?protocol=7&client=js&version=8.4.0&flash=false' failed: WebSocket is closed before the connection is established. @ https://sbxkedebah-v2.npontu.com/build/assets/app-BQac9LSS.js:7
[ 6135622ms] [WARNING] WebSocket connection to 'wss://sbx-notify.kedebahlite.com:4444/app/wwypulxmt0gisyx9bav4?protocol=7&client=js&version=8.4.0&flash=false' failed: WebSocket is closed before the connection is established. @ https://sbxkedebah-v2.npontu.com/build/assets/app-BQac9LSS.js:7
[ 6195623ms] [WARNING] WebSocket connection to 'wss://sbx-notify.kedebahlite.com:4444/app/wwypulxmt0gisyx9bav4?protocol=7&client=js&version=8.4.0&flash=false' failed: WebSocket is closed before the connection is established. @ https://sbxkedebah-v2.npontu.com/build/assets/app-BQac9LSS.js:7
[ 6255624ms] [WARNING] WebSocket connection to 'wss://sbx-notify.kedebahlite.com:4444/app/wwypulxmt0gisyx9bav4?protocol=7&client=js&version=8.4.0&flash=false' failed: WebSocket is closed before the connection is established. @ https://sbxkedebah-v2.npontu.com/build/assets/app-BQac9LSS.js:7
[ 6315632ms] [WARNING] WebSocket connection to 'wss://sbx-notify.kedebahlite.com:4444/app/wwypulxmt0gisyx9bav4?protocol=7&client=js&version=8.4.0&flash=false' failed: WebSocket is closed before the connection is established. @ https://sbxkedebah-v2.npontu.com/build/assets/app-BQac9LSS.js:7
[ 6375639ms] [WARNING] WebSocket connection to 'wss://sbx-notify.kedebahlite.com:4444/app/wwypulxmt0gisyx9bav4?protocol=7&client=js&version=8.4.0&flash=false' failed: WebSocket is closed before the connection is established. @ https://sbxkedebah-v2.npontu.com/build/assets/app-BQac9LSS.js:7
[ 6435644ms] [WARNING] WebSocket connection to 'wss://sbx-notify.kedebahlite.com:4444/app/wwypulxmt0gisyx9bav4?protocol=7&client=js&version=8.4.0&flash=false' failed: WebSocket is closed before the connection is established. @ https://sbxkedebah-v2.npontu.com/build/assets/app-BQac9LSS.js:7
[ 6495647ms] [WARNING] WebSocket connection to 'wss://sbx-notify.kedebahlite.com:4444/app/wwypulxmt0gisyx9bav4?protocol=7&client=js&version=8.4.0&flash=false' failed: WebSocket is closed before the connection is established. @ https://sbxkedebah-v2.npontu.com/build/assets/app-BQac9LSS.js:7
[ 6555654ms] [WARNING] WebSocket connection to 'wss://sbx-notify.kedebahlite.com:4444/app/wwypulxmt0gisyx9bav4?protocol=7&client=js&version=8.4.0&flash=false' failed: WebSocket is closed before the connection is established. @ https://sbxkedebah-v2.npontu.com/build/assets/app-BQac9LSS.js:7
[ 6615657ms] [WARNING] WebSocket connection to 'wss://sbx-notify.kedebahlite.com:4444/app/wwypulxmt0gisyx9bav4?protocol=7&client=js&version=8.4.0&flash=false' failed: WebSocket is closed before the connection is established. @ https://sbxkedebah-v2.npontu.com/build/assets/app-BQac9LSS.js:7
[ 6675662ms] [WARNING] WebSocket connection to 'wss://sbx-notify.kedebahlite.com:4444/app/wwypulxmt0gisyx9bav4?protocol=7&client=js&version=8.4.0&flash=false' failed: WebSocket is closed before the connection is established. @ https://sbxkedebah-v2.npontu.com/build/assets/app-BQac9LSS.js:7
[ 6735664ms] [WARNING] WebSocket connection to 'wss://sbx-notify.kedebahlite.com:4444/app/wwypulxmt0gisyx9bav4?protocol=7&client=js&version=8.4.0&flash=false' failed: WebSocket is closed before the connection is established. @ https://sbxkedebah-v2.npontu.com/build/assets/app-BQac9LSS.js:7
[ 6795666ms] [WARNING] WebSocket connection to 'wss://sbx-notify.kedebahlite.com:4444/app/wwypulxmt0gisyx9bav4?protocol=7&client=js&version=8.4.0&flash=false' failed: WebSocket is closed before the connection is established. @ https://sbxkedebah-v2.npontu.com/build/assets/app-BQac9LSS.js:7
[ 6855669ms] [WARNING] WebSocket connection to 'wss://sbx-notify.kedebahlite.com:4444/app/wwypulxmt0gisyx9bav4?protocol=7&client=js&version=8.4.0&flash=false' failed: WebSocket is closed before the connection is established. @ https://sbxkedebah-v2.npontu.com/build/assets/app-BQac9LSS.js:7
[ 6915677ms] [WARNING] WebSocket connection to 'wss://sbx-notify.kedebahlite.com:4444/app/wwypulxmt0gisyx9bav4?protocol=7&client=js&version=8.4.0&flash=false' failed: WebSocket is closed before the connection is established. @ https://sbxkedebah-v2.npontu.com/build/assets/app-BQac9LSS.js:7
[ 6975681ms] [WARNING] WebSocket connection to 'wss://sbx-notify.kedebahlite.com:4444/app/wwypulxmt0gisyx9bav4?protocol=7&client=js&version=8.4.0&flash=false' failed: WebSocket is closed before the connection is established. @ https://sbxkedebah-v2.npontu.com/build/assets/app-BQac9LSS.js:7
[ 7035686ms] [WARNING] WebSocket connection to 'wss://sbx-notify.kedebahlite.com:4444/app/wwypulxmt0gisyx9bav4?protocol=7&client=js&version=8.4.0&flash=false' failed: WebSocket is closed before the connection is established. @ https://sbxkedebah-v2.npontu.com/build/assets/app-BQac9LSS.js:7
[ 7095688ms] [WARNING] WebSocket connection to 'wss://sbx-notify.kedebahlite.com:4444/app/wwypulxmt0gisyx9bav4?protocol=7&client=js&version=8.4.0&flash=false' failed: WebSocket is closed before the connection is established. @ https://sbxkedebah-v2.npontu.com/build/assets/app-BQac9LSS.js:7
[ 7155695ms] [WARNING] WebSocket connection to 'wss://sbx-notify.kedebahlite.com:4444/app/wwypulxmt0gisyx9bav4?protocol=7&client=js&version=8.4.0&flash=false' failed: WebSocket is closed before the connection is established. @ https://sbxkedebah-v2.npontu.com/build/assets/app-BQac9LSS.js:7
[ 7215699ms] [WARNING] WebSocket connection to 'wss://sbx-notify.kedebahlite.com:4444/app/wwypulxmt0gisyx9bav4?protocol=7&client=js&version=8.4.0&flash=false' failed: WebSocket is closed before the connection is established. @ https://sbxkedebah-v2.npontu.com/build/assets/app-BQac9LSS.js:7
[ 7275712ms] [WARNING] WebSocket connection to 'wss://sbx-notify.kedebahlite.com:4444/app/wwypulxmt0gisyx9bav4?protocol=7&client=js&version=8.4.0&flash=false' failed: WebSocket is closed before the connection is established. @ https://sbxkedebah-v2.npontu.com/build/assets/app-BQac9LSS.js:7
[ 7335714ms] [WARNING] WebSocket connection to 'wss://sbx-notify.kedebahlite.com:4444/app/wwypulxmt0gisyx9bav4?protocol=7&client=js&version=8.4.0&flash=false' failed: WebSocket is closed before the connection is established. @ https://sbxkedebah-v2.npontu.com/build/assets/app-BQac9LSS.js:7
[ 7395718ms] [WARNING] WebSocket connection to 'wss://sbx-notify.kedebahlite.com:4444/app/wwypulxmt0gisyx9bav4?protocol=7&client=js&version=8.4.0&flash=false' failed: WebSocket is closed before the connection is established. @ https://sbxkedebah-v2.npontu.com/build/assets/app-BQac9LSS.js:7
[ 7455723ms] [WARNING] WebSocket connection to 'wss://sbx-notify.kedebahlite.com:4444/app/wwypulxmt0gisyx9bav4?protocol=7&client=js&version=8.4.0&flash=false' failed: WebSocket is closed before the connection is established. @ https://sbxkedebah-v2.npontu.com/build/assets/app-BQac9LSS.js:7
[ 7515729ms] [WARNING] WebSocket connection to 'wss://sbx-notify.kedebahlite.com:4444/app/wwypulxmt0gisyx9bav4?protocol=7&client=js&version=8.4.0&flash=false' failed: WebSocket is closed before the connection is established. @ https://sbxkedebah-v2.npontu.com/build/assets/app-BQac9LSS.js:7
[ 7575732ms] [WARNING] WebSocket connection to 'wss://sbx-notify.kedebahlite.com:4444/app/wwypulxmt0gisyx9bav4?protocol=7&client=js&version=8.4.0&flash=false' failed: WebSocket is closed before the connection is established. @ https://sbxkedebah-v2.npontu.com/build/assets/app-BQac9LSS.js:7
[ 7635732ms] [WARNING] WebSocket connection to 'wss://sbx-notify.kedebahlite.com:4444/app/wwypulxmt0gisyx9bav4?protocol=7&client=js&version=8.4.0&flash=false' failed: WebSocket is closed before the connection is established. @ https://sbxkedebah-v2.npontu.com/build/assets/app-BQac9LSS.js:7
[ 7695734ms] [WARNING] WebSocket connection to 'wss://sbx-notify.kedebahlite.com:4444/app/wwypulxmt0gisyx9bav4?protocol=7&client=js&version=8.4.0&flash=false' failed: WebSocket is closed before the connection is established. @ https://sbxkedebah-v2.npontu.com/build/assets/app-BQac9LSS.js:7
[ 7755736ms] [WARNING] WebSocket connection to 'wss://sbx-notify.kedebahlite.com:4444/app/wwypulxmt0gisyx9bav4?protocol=7&client=js&version=8.4.0&flash=false' failed: WebSocket is closed before the connection is established. @ https://sbxkedebah-v2.npontu.com/build/assets/app-BQac9LSS.js:7
[ 7815737ms] [WARNING] WebSocket connection to 'wss://sbx-notify.kedebahlite.com:4444/app/wwypulxmt0gisyx9bav4?protocol=7&client=js&version=8.4.0&flash=false' failed: WebSocket is closed before the connection is established. @ https://sbxkedebah-v2.npontu.com/build/assets/app-BQac9LSS.js:7
[ 7875738ms] [WARNING] WebSocket connection to 'wss://sbx-notify.kedebahlite.com:4444/app/wwypulxmt0gisyx9bav4?protocol=7&client=js&version=8.4.0&flash=false' failed: WebSocket is closed before the connection is established. @ https://sbxkedebah-v2.npontu.com/build/assets/app-BQac9LSS.js:7
[ 7935740ms] [WARNING] WebSocket connection to 'wss://sbx-notify.kedebahlite.com:4444/app/wwypulxmt0gisyx9bav4?protocol=7&client=js&version=8.4.0&flash=false' failed: WebSocket is closed before the connection is established. @ https://sbxkedebah-v2.npontu.com/build/assets/app-BQac9LSS.js:7
[ 7995741ms] [WARNING] WebSocket connection to 'wss://sbx-notify.kedebahlite.com:4444/app/wwypulxmt0gisyx9bav4?protocol=7&client=js&version=8.4.0&flash=false' failed: WebSocket is closed before the connection is established. @ https://sbxkedebah-v2.npontu.com/build/assets/app-BQac9LSS.js:7
[ 8055745ms] [WARNING] WebSocket connection to 'wss://sbx-notify.kedebahlite.com:4444/app/wwypulxmt0gisyx9bav4?protocol=7&client=js&version=8.4.0&flash=false' failed: WebSocket is closed before the connection is established. @ https://sbxkedebah-v2.npontu.com/build/assets/app-BQac9LSS.js:7
[ 8115752ms] [WARNING] WebSocket connection to 'wss://sbx-notify.kedebahlite.com:4444/app/wwypulxmt0gisyx9bav4?protocol=7&client=js&version=8.4.0&flash=false' failed: WebSocket is closed before the connection is established. @ https://sbxkedebah-v2.npontu.com/build/assets/app-BQac9LSS.js:7
[ 8175756ms] [WARNING] WebSocket connection to 'wss://sbx-notify.kedebahlite.com:4444/app/wwypulxmt0gisyx9bav4?protocol=7&client=js&version=8.4.0&flash=false' failed: WebSocket is closed before the connection is established. @ https://sbxkedebah-v2.npontu.com/build/assets/app-BQac9LSS.js:7
[ 8235764ms] [WARNING] WebSocket connection to 'wss://sbx-notify.kedebahlite.com:4444/app/wwypulxmt0gisyx9bav4?protocol=7&client=js&version=8.4.0&flash=false' failed: WebSocket is closed before the connection is established. @ https://sbxkedebah-v2.npontu.com/build/assets/app-BQac9LSS.js:7
[ 8295770ms] [WARNING] WebSocket connection to 'wss://sbx-notify.kedebahlite.com:4444/app/wwypulxmt0gisyx9bav4?protocol=7&client=js&version=8.4.0&flash=false' failed: WebSocket is closed before the connection is established. @ https://sbxkedebah-v2.npontu.com/build/assets/app-BQac9LSS.js:7
[ 8347721ms] [ERROR] WebSocket connection to 'wss://sbx-notify.kedebahlite.com:4444/app/wwypulxmt0gisyx9bav4?protocol=7&client=js&version=8.4.0&flash=false' failed: Error in connection establishment: net::ERR_NETWORK_IO_SUSPENDED @ https://sbxkedebah-v2.npontu.com/build/assets/app-BQac9LSS.js:8
[ 8415777ms] [WARNING] WebSocket connection to 'wss://sbx-notify.kedebahlite.com:4444/app/wwypulxmt0gisyx9bav4?protocol=7&client=js&version=8.4.0&flash=false' failed: WebSocket is closed before the connection is established. @ https://sbxkedebah-v2.npontu.com/build/assets/app-BQac9LSS.js:7
[ 8475780ms] [WARNING] WebSocket connection to 'wss://sbx-notify.kedebahlite.com:4444/app/wwypulxmt0gisyx9bav4?protocol=7&client=js&version=8.4.0&flash=false' failed: WebSocket is closed before the connection is established. @ https://sbxkedebah-v2.npontu.com/build/assets/app-BQac9LSS.js:7
[ 8535782ms] [WARNING] WebSocket connection to 'wss://sbx-notify.kedebahlite.com:4444/app/wwypulxmt0gisyx9bav4?protocol=7&client=js&version=8.4.0&flash=false' failed: WebSocket is closed before the connection is established. @ https://sbxkedebah-v2.npontu.com/build/assets/app-BQac9LSS.js:7
[ 8595785ms] [WARNING] WebSocket connection to 'wss://sbx-notify.kedebahlite.com:4444/app/wwypulxmt0gisyx9bav4?protocol=7&client=js&version=8.4.0&flash=false' failed: WebSocket is closed before the connection is established. @ https://sbxkedebah-v2.npontu.com/build/assets/app-BQac9LSS.js:7
[ 8655787ms] [WARNING] WebSocket connection to 'wss://sbx-notify.kedebahlite.com:4444/app/wwypulxmt0gisyx9bav4?protocol=7&client=js&version=8.4.0&flash=false' failed: WebSocket is closed before the connection is established. @ https://sbxkedebah-v2.npontu.com/build/assets/app-BQac9LSS.js:7
[ 8715800ms] [WARNING] WebSocket connection to 'wss://sbx-notify.kedebahlite.com:4444/app/wwypulxmt0gisyx9bav4?protocol=7&client=js&version=8.4.0&flash=false' failed: WebSocket is closed before the connection is established. @ https://sbxkedebah-v2.npontu.com/build/assets/app-BQac9LSS.js:7
[ 8775806ms] [WARNING] WebSocket connection to 'wss://sbx-notify.kedebahlite.com:4444/app/wwypulxmt0gisyx9bav4?protocol=7&client=js&version=8.4.0&flash=false' failed: WebSocket is closed before the connection is established. @ https://sbxkedebah-v2.npontu.com/build/assets/app-BQac9LSS.js:7
[ 8835808ms] [WARNING] WebSocket connection to 'wss://sbx-notify.kedebahlite.com:4444/app/wwypulxmt0gisyx9bav4?protocol=7&client=js&version=8.4.0&flash=false' failed: WebSocket is closed before the connection is established. @ https://sbxkedebah-v2.npontu.com/build/assets/app-BQac9LSS.js:7
[ 8895812ms] [WARNING] WebSocket connection to 'wss://sbx-notify.kedebahlite.com:4444/app/wwypulxmt0gisyx9bav4?protocol=7&client=js&version=8.4.0&flash=false' failed: WebSocket is closed before the connection is established. @ https://sbxkedebah-v2.npontu.com/build/assets/app-BQac9LSS.js:7
[ 8955818ms] [WARNING] WebSocket connection to 'wss://sbx-notify.kedebahlite.com:4444/app/wwypulxmt0gisyx9bav4?protocol=7&client=js&version=8.4.0&flash=false' failed: WebSocket is closed before the connection is established. @ https://sbxkedebah-v2.npontu.com/build/assets/app-BQac9LSS.js:7
[ 9015826ms] [WARNING] WebSocket connection to 'wss://sbx-notify.kedebahlite.com:4444/app/wwypulxmt0gisyx9bav4?protocol=7&client=js&version=8.4.0&flash=false' failed: WebSocket is closed before the connection is established. @ https://sbxkedebah-v2.npontu.com/build/assets/app-BQac9LSS.js:7
[ 9075836ms] [WARNING] WebSocket connection to 'wss://sbx-notify.kedebahlite.com:4444/app/wwypulxmt0gisyx9bav4?protocol=7&client=js&version=8.4.0&flash=false' failed: WebSocket is closed before the connection is established. @ https://sbxkedebah-v2.npontu.com/build/assets/app-BQac9LSS.js:7
[ 9135840ms] [WARNING] WebSocket connection to 'wss://sbx-notify.kedebahlite.com:4444/app/wwypulxmt0gisyx9bav4?protocol=7&client=js&version=8.4.0&flash=false' failed: WebSocket is closed before the connection is established. @ https://sbxkedebah-v2.npontu.com/build/assets/app-BQac9LSS.js:7
[ 9195845ms] [WARNING] WebSocket connection to 'wss://sbx-notify.kedebahlite.com:4444/app/wwypulxmt0gisyx9bav4?protocol=7&client=js&version=8.4.0&flash=false' failed: WebSocket is closed before the connection is established. @ https://sbxkedebah-v2.npontu.com/build/assets/app-BQac9LSS.js:7
[ 9255848ms] [WARNING] WebSocket connection to 'wss://sbx-notify.kedebahlite.com:4444/app/wwypulxmt0gisyx9bav4?protocol=7&client=js&version=8.4.0&flash=false' failed: WebSocket is closed before the connection is established. @ https://sbxkedebah-v2.npontu.com/build/assets/app-BQac9LSS.js:7
[ 9315852ms] [WARNING] WebSocket connection to 'wss://sbx-notify.kedebahlite.com:4444/app/wwypulxmt0gisyx9bav4?protocol=7&client=js&version=8.4.0&flash=false' failed: WebSocket is closed before the connection is established. @ https://sbxkedebah-v2.npontu.com/build/assets/app-BQac9LSS.js:7
[ 9375859ms] [WARNING] WebSocket connection to 'wss://sbx-notify.kedebahlite.com:4444/app/wwypulxmt0gisyx9bav4?protocol=7&client=js&version=8.4.0&flash=false' failed: WebSocket is closed before the connection is established. @ https://sbxkedebah-v2.npontu.com/build/assets/app-BQac9LSS.js:7
[ 9435863ms] [WARNING] WebSocket connection to 'wss://sbx-notify.kedebahlite.com:4444/app/wwypulxmt0gisyx9bav4?protocol=7&client=js&version=8.4.0&flash=false' failed: WebSocket is closed before the connection is established. @ https://sbxkedebah-v2.npontu.com/build/assets/app-BQac9LSS.js:7
[ 9495868ms] [WARNING] WebSocket connection to 'wss://sbx-notify.kedebahlite.com:4444/app/wwypulxmt0gisyx9bav4?protocol=7&client=js&version=8.4.0&flash=false' failed: WebSocket is closed before the connection is established. @ https://sbxkedebah-v2.npontu.com/build/assets/app-BQac9LSS.js:7
[ 9555873ms] [WARNING] WebSocket connection to 'wss://sbx-notify.kedebahlite.com:4444/app/wwypulxmt0gisyx9bav4?protocol=7&client=js&version=8.4.0&flash=false' failed: WebSocket is closed before the connection is established. @ https://sbxkedebah-v2.npontu.com/build/assets/app-BQac9LSS.js:7
[ 9615878ms] [WARNING] WebSocket connection to 'wss://sbx-notify.kedebahlite.com:4444/app/wwypulxmt0gisyx9bav4?protocol=7&client=js&version=8.4.0&flash=false' failed: WebSocket is closed before the connection is established. @ https://sbxkedebah-v2.npontu.com/build/assets/app-BQac9LSS.js:7
[ 9675882ms] [WARNING] WebSocket connection to 'wss://sbx-notify.kedebahlite.com:4444/app/wwypulxmt0gisyx9bav4?protocol=7&client=js&version=8.4.0&flash=false' failed: WebSocket is closed before the connection is established. @ https://sbxkedebah-v2.npontu.com/build/assets/app-BQac9LSS.js:7
[ 9735885ms] [WARNING] WebSocket connection to 'wss://sbx-notify.kedebahlite.com:4444/app/wwypulxmt0gisyx9bav4?protocol=7&client=js&version=8.4.0&flash=false' failed: WebSocket is closed before the connection is established. @ https://sbxkedebah-v2.npontu.com/build/assets/app-BQac9LSS.js:7
[ 9795889ms] [WARNING] WebSocket connection to 'wss://sbx-notify.kedebahlite.com:4444/app/wwypulxmt0gisyx9bav4?protocol=7&client=js&version=8.4.0&flash=false' failed: WebSocket is closed before the connection is established. @ https://sbxkedebah-v2.npontu.com/build/assets/app-BQac9LSS.js:7
[ 9855898ms] [WARNING] WebSocket connection to 'wss://sbx-notify.kedebahlite.com:4444/app/wwypulxmt0gisyx9bav4?protocol=7&client=js&version=8.4.0&flash=false' failed: WebSocket is closed before the connection is established. @ https://sbxkedebah-v2.npontu.com/build/assets/app-BQac9LSS.js:7
[ 9915900ms] [WARNING] WebSocket connection to 'wss://sbx-notify.kedebahlite.com:4444/app/wwypulxmt0gisyx9bav4?protocol=7&client=js&version=8.4.0&flash=false' failed: WebSocket is closed before the connection is established. @ https://sbxkedebah-v2.npontu.com/build/assets/app-BQac9LSS.js:7
[ 9975901ms] [WARNING] WebSocket connection to 'wss://sbx-notify.kedebahlite.com:4444/app/wwypulxmt0gisyx9bav4?protocol=7&client=js&version=8.4.0&flash=false' failed: WebSocket is closed before the connection is established. @ https://sbxkedebah-v2.npontu.com/build/assets/app-BQac9LSS.js:7
[10035906ms] [WARNING] WebSocket connection to 'wss://sbx-notify.kedebahlite.com:4444/app/wwypulxmt0gisyx9bav4?protocol=7&client=js&version=8.4.0&flash=false' failed: WebSocket is closed before the connection is established. @ https://sbxkedebah-v2.npontu.com/build/assets/app-BQac9LSS.js:7
[10095910ms] [WARNING] WebSocket connection to 'wss://sbx-notify.kedebahlite.com:4444/app/wwypulxmt0gisyx9bav4?protocol=7&client=js&version=8.4.0&flash=false' failed: WebSocket is closed before the connection is established. @ https://sbxkedebah-v2.npontu.com/build/assets/app-BQac9LSS.js:7
[10155915ms] [WARNING] WebSocket connection to 'wss://sbx-notify.kedebahlite.com:4444/app/wwypulxmt0gisyx9bav4?protocol=7&client=js&version=8.4.0&flash=false' failed: WebSocket is closed before the connection is established. @ https://sbxkedebah-v2.npontu.com/build/assets/app-BQac9LSS.js:7
[10215919ms] [WARNING] WebSocket connection to 'wss://sbx-notify.kedebahlite.com:4444/app/wwypulxmt0gisyx9bav4?protocol=7&client=js&version=8.4.0&flash=false' failed: WebSocket is closed before the connection is established. @ https://sbxkedebah-v2.npontu.com/build/assets/app-BQac9LSS.js:7
[10275922ms] [WARNING] WebSocket connection to 'wss://sbx-notify.kedebahlite.com:4444/app/wwypulxmt0gisyx9bav4?protocol=7&client=js&version=8.4.0&flash=false' failed: WebSocket is closed before the connection is established. @ https://sbxkedebah-v2.npontu.com/build/assets/app-BQac9LSS.js:7
[10335927ms] [WARNING] WebSocket connection to 'wss://sbx-notify.kedebahlite.com:4444/app/wwypulxmt0gisyx9bav4?protocol=7&client=js&version=8.4.0&flash=false' failed: WebSocket is closed before the connection is established. @ https://sbxkedebah-v2.npontu.com/build/assets/app-BQac9LSS.js:7
[10395934ms] [WARNING] WebSocket connection to 'wss://sbx-notify.kedebahlite.com:4444/app/wwypulxmt0gisyx9bav4?protocol=7&client=js&version=8.4.0&flash=false' failed: WebSocket is closed before the connection is established. @ https://sbxkedebah-v2.npontu.com/build/assets/app-BQac9LSS.js:7
[10455940ms] [WARNING] WebSocket connection to 'wss://sbx-notify.kedebahlite.com:4444/app/wwypulxmt0gisyx9bav4?protocol=7&client=js&version=8.4.0&flash=false' failed: WebSocket is closed before the connection is established. @ https://sbxkedebah-v2.npontu.com/build/assets/app-BQac9LSS.js:7
[10515944ms] [WARNING] WebSocket connection to 'wss://sbx-notify.kedebahlite.com:4444/app/wwypulxmt0gisyx9bav4?protocol=7&client=js&version=8.4.0&flash=false' failed: WebSocket is closed before the connection is established. @ https://sbxkedebah-v2.npontu.com/build/assets/app-BQac9LSS.js:7
[10575946ms] [WARNING] WebSocket connection to 'wss://sbx-notify.kedebahlite.com:4444/app/wwypulxmt0gisyx9bav4?protocol=7&client=js&version=8.4.0&flash=false' failed: WebSocket is closed before the connection is established. @ https://sbxkedebah-v2.npontu.com/build/assets/app-BQac9LSS.js:7
[10635947ms] [WARNING] WebSocket connection to 'wss://sbx-notify.kedebahlite.com:4444/app/wwypulxmt0gisyx9bav4?protocol=7&client=js&version=8.4.0&flash=false' failed: WebSocket is closed before the connection is established. @ https://sbxkedebah-v2.npontu.com/build/assets/app-BQac9LSS.js:7
[10695949ms] [WARNING] WebSocket connection to 'wss://sbx-notify.kedebahlite.com:4444/app/wwypulxmt0gisyx9bav4?protocol=7&client=js&version=8.4.0&flash=false' failed: WebSocket is closed before the connection is established. @ https://sbxkedebah-v2.npontu.com/build/assets/app-BQac9LSS.js:7
[10755953ms] [WARNING] WebSocket connection to 'wss://sbx-notify.kedebahlite.com:4444/app/wwypulxmt0gisyx9bav4?protocol=7&client=js&version=8.4.0&flash=false' failed: WebSocket is closed before the connection is established. @ https://sbxkedebah-v2.npontu.com/build/assets/app-BQac9LSS.js:7
[10815958ms] [WARNING] WebSocket connection to 'wss://sbx-notify.kedebahlite.com:4444/app/wwypulxmt0gisyx9bav4?protocol=7&client=js&version=8.4.0&flash=false' failed: WebSocket is closed before the connection is established. @ https://sbxkedebah-v2.npontu.com/build/assets/app-BQac9LSS.js:7
[10875963ms] [WARNING] WebSocket connection to 'wss://sbx-notify.kedebahlite.com:4444/app/wwypulxmt0gisyx9bav4?protocol=7&client=js&version=8.4.0&flash=false' failed: WebSocket is closed before the connection is established. @ https://sbxkedebah-v2.npontu.com/build/assets/app-BQac9LSS.js:7
[10935970ms] [WARNING] WebSocket connection to 'wss://sbx-notify.kedebahlite.com:4444/app/wwypulxmt0gisyx9bav4?protocol=7&client=js&version=8.4.0&flash=false' failed: WebSocket is closed before the connection is established. @ https://sbxkedebah-v2.npontu.com/build/assets/app-BQac9LSS.js:7
[10995977ms] [WARNING] WebSocket connection to 'wss://sbx-notify.kedebahlite.com:4444/app/wwypulxmt0gisyx9bav4?protocol=7&client=js&version=8.4.0&flash=false' failed: WebSocket is closed before the connection is established. @ https://sbxkedebah-v2.npontu.com/build/assets/app-BQac9LSS.js:7
[10999431ms] [ERROR] WebSocket connection to 'wss://sbx-notify.kedebahlite.com:4444/app/wwypulxmt0gisyx9bav4?protocol=7&client=js&version=8.4.0&flash=false' failed: Error in connection establishment: net::ERR_NETWORK_IO_SUSPENDED @ https://sbxkedebah-v2.npontu.com/build/assets/app-BQac9LSS.js:8
[11224133ms] [WARNING] WebSocket connection to 'wss://sbx-notify.kedebahlite.com:4444/app/wwypulxmt0gisyx9bav4?protocol=7&client=js&version=8.4.0&flash=false' failed: WebSocket is closed before the connection is established. @ https://sbxkedebah-v2.npontu.com/build/assets/app-BQac9LSS.js:7
[11284139ms] [WARNING] WebSocket connection to 'wss://sbx-notify.kedebahlite.com:4444/app/wwypulxmt0gisyx9bav4?protocol=7&client=js&version=8.4.0&flash=false' failed: WebSocket is closed before the connection is established. @ https://sbxkedebah-v2.npontu.com/build/assets/app-BQac9LSS.js:7
[11344140ms] [WARNING] WebSocket connection to 'wss://sbx-notify.kedebahlite.com:4444/app/wwypulxmt0gisyx9bav4?protocol=7&client=js&version=8.4.0&flash=false' failed: WebSocket is closed before the connection is established. @ https://sbxkedebah-v2.npontu.com/build/assets/app-BQac9LSS.js:7
[11404145ms] [WARNING] WebSocket connection to 'wss://sbx-notify.kedebahlite.com:4444/app/wwypulxmt0gisyx9bav4?protocol=7&client=js&version=8.4.0&flash=false' failed: WebSocket is closed before the connection is established. @ https://sbxkedebah-v2.npontu.com/build/assets/app-BQac9LSS.js:7
[11464153ms] [WARNING] WebSocket connection to 'wss://sbx-notify.kedebahlite.com:4444/app/wwypulxmt0gisyx9bav4?protocol=7&client=js&version=8.4.0&flash=false' failed: WebSocket is closed before the connection is established. @ https://sbxkedebah-v2.npontu.com/build/assets/app-BQac9LSS.js:7
[11524159ms] [WARNING] WebSocket connection to 'wss://sbx-notify.kedebahlite.com:4444/app/wwypulxmt0gisyx9bav4?protocol=7&client=js&version=8.4.0&flash=false' failed: WebSocket is closed before the connection is established. @ https://sbxkedebah-v2.npontu.com/build/assets/app-BQac9LSS.js:7
[11584163ms] [WARNING] WebSocket connection to 'wss://sbx-notify.kedebahlite.com:4444/app/wwypulxmt0gisyx9bav4?protocol=7&client=js&version=8.4.0&flash=false' failed: WebSocket is closed before the connection is established. @ https://sbxkedebah-v2.npontu.com/build/assets/app-BQac9LSS.js:7
[11644172ms] [WARNING] WebSocket connection to 'wss://sbx-notify.kedebahlite.com:4444/app/wwypulxmt0gisyx9bav4?protocol=7&client=js&version=8.4.0&flash=false' failed: WebSocket is closed before the connection is established. @ https://sbxkedebah-v2.npontu.com/build/assets/app-BQac9LSS.js:7
[11704179ms] [WARNING] WebSocket connection to 'wss://sbx-notify.kedebahlite.com:4444/app/wwypulxmt0gisyx9bav4?protocol=7&client=js&version=8.4.0&flash=false' failed: WebSocket is closed before the connection is established. @ https://sbxkedebah-v2.npontu.com/build/assets/app-BQac9LSS.js:7
[11764182ms] [WARNING] WebSocket connection to 'wss://sbx-notify.kedebahlite.com:4444/app/wwypulxmt0gisyx9bav4?protocol=7&client=js&version=8.4.0&flash=false' failed: WebSocket is closed before the connection is established. @ https://sbxkedebah-v2.npontu.com/build/assets/app-BQac9LSS.js:7
[11824184ms] [WARNING] WebSocket connection to 'wss://sbx-notify.kedebahlite.com:4444/app/wwypulxmt0gisyx9bav4?protocol=7&client=js&version=8.4.0&flash=false' failed: WebSocket is closed before the connection is established. @ https://sbxkedebah-v2.npontu.com/build/assets/app-BQac9LSS.js:7
[11884187ms] [WARNING] WebSocket connection to 'wss://sbx-notify.kedebahlite.com:4444/app/wwypulxmt0gisyx9bav4?protocol=7&client=js&version=8.4.0&flash=false' failed: WebSocket is closed before the connection is established. @ https://sbxkedebah-v2.npontu.com/build/assets/app-BQac9LSS.js:7
[11944193ms] [WARNING] WebSocket connection to 'wss://sbx-notify.kedebahlite.com:4444/app/wwypulxmt0gisyx9bav4?protocol=7&client=js&version=8.4.0&flash=false' failed: WebSocket is closed before the connection is established. @ https://sbxkedebah-v2.npontu.com/build/assets/app-BQac9LSS.js:7
[12004195ms] [WARNING] WebSocket connection to 'wss://sbx-notify.kedebahlite.com:4444/app/wwypulxmt0gisyx9bav4?protocol=7&client=js&version=8.4.0&flash=false' failed: WebSocket is closed before the connection is established. @ https://sbxkedebah-v2.npontu.com/build/assets/app-BQac9LSS.js:7
[12064198ms] [WARNING] WebSocket connection to 'wss://sbx-notify.kedebahlite.com:4444/app/wwypulxmt0gisyx9bav4?protocol=7&client=js&version=8.4.0&flash=false' failed: WebSocket is closed before the connection is established. @ https://sbxkedebah-v2.npontu.com/build/assets/app-BQac9LSS.js:7
[12124213ms] [WARNING] WebSocket connection to 'wss://sbx-notify.kedebahlite.com:4444/app/wwypulxmt0gisyx9bav4?protocol=7&client=js&version=8.4.0&flash=false' failed: WebSocket is closed before the connection is established. @ https://sbxkedebah-v2.npontu.com/build/assets/app-BQac9LSS.js:7
[12184219ms] [WARNING] WebSocket connection to 'wss://sbx-notify.kedebahlite.com:4444/app/wwypulxmt0gisyx9bav4?protocol=7&client=js&version=8.4.0&flash=false' failed: WebSocket is closed before the connection is established. @ https://sbxkedebah-v2.npontu.com/build/assets/app-BQac9LSS.js:7
[12244224ms] [WARNING] WebSocket connection to 'wss://sbx-notify.kedebahlite.com:4444/app/wwypulxmt0gisyx9bav4?protocol=7&client=js&version=8.4.0&flash=false' failed: WebSocket is closed before the connection is established. @ https://sbxkedebah-v2.npontu.com/build/assets/app-BQac9LSS.js:7
[12304228ms] [WARNING] WebSocket connection to 'wss://sbx-notify.kedebahlite.com:4444/app/wwypulxmt0gisyx9bav4?protocol=7&client=js&version=8.4.0&flash=false' failed: WebSocket is closed before the connection is established. @ https://sbxkedebah-v2.npontu.com/build/assets/app-BQac9LSS.js:7
[12364232ms] [WARNING] WebSocket connection to 'wss://sbx-notify.kedebahlite.com:4444/app/wwypulxmt0gisyx9bav4?protocol=7&client=js&version=8.4.0&flash=false' failed: WebSocket is closed before the connection is established. @ https://sbxkedebah-v2.npontu.com/build/assets/app-BQac9LSS.js:7
[12424239ms] [WARNING] WebSocket connection to 'wss://sbx-notify.kedebahlite.com:4444/app/wwypulxmt0gisyx9bav4?protocol=7&client=js&version=8.4.0&flash=false' failed: WebSocket is closed before the connection is established. @ https://sbxkedebah-v2.npontu.com/build/assets/app-BQac9LSS.js:7
[12484249ms] [WARNING] WebSocket connection to 'wss://sbx-notify.kedebahlite.com:4444/app/wwypulxmt0gisyx9bav4?protocol=7&client=js&version=8.4.0&flash=false' failed: WebSocket is closed before the connection is established. @ https://sbxkedebah-v2.npontu.com/build/assets/app-BQac9LSS.js:7
[12544254ms] [WARNING] WebSocket connection to 'wss://sbx-notify.kedebahlite.com:4444/app/wwypulxmt0gisyx9bav4?protocol=7&client=js&version=8.4.0&flash=false' failed: WebSocket is closed before the connection is established. @ https://sbxkedebah-v2.npontu.com/build/assets/app-BQac9LSS.js:7
[12604259ms] [WARNING] WebSocket connection to 'wss://sbx-notify.kedebahlite.com:4444/app/wwypulxmt0gisyx9bav4?protocol=7&client=js&version=8.4.0&flash=false' failed: WebSocket is closed before the connection is established. @ https://sbxkedebah-v2.npontu.com/build/assets/app-BQac9LSS.js:7
[12664263ms] [WARNING] WebSocket connection to 'wss://sbx-notify.kedebahlite.com:4444/app/wwypulxmt0gisyx9bav4?protocol=7&client=js&version=8.4.0&flash=false' failed: WebSocket is closed before the connection is established. @ https://sbxkedebah-v2.npontu.com/build/assets/app-BQac9LSS.js:7
[12724268ms] [WARNING] WebSocket connection to 'wss://sbx-notify.kedebahlite.com:4444/app/wwypulxmt0gisyx9bav4?protocol=7&client=js&version=8.4.0&flash=false' failed: WebSocket is closed before the connection is established. @ https://sbxkedebah-v2.npontu.com/build/assets/app-BQac9LSS.js:7
[12753026ms] [ERROR] WebSocket connection to 'wss://sbx-notify.kedebahlite.com:4444/app/wwypulxmt0gisyx9bav4?protocol=7&client=js&version=8.4.0&flash=false' failed: Error in connection establishment: net::ERR_NETWORK_IO_SUSPENDED @ https://sbxkedebah-v2.npontu.com/build/assets/app-BQac9LSS.js:8
[12970925ms] [WARNING] WebSocket connection to 'wss://sbx-notify.kedebahlite.com:4444/app/wwypulxmt0gisyx9bav4?protocol=7&client=js&version=8.4.0&flash=false' failed: WebSocket is closed before the connection is established. @ https://sbxkedebah-v2.npontu.com/build/assets/app-BQac9LSS.js:7
[13030935ms] [WARNING] WebSocket connection to 'wss://sbx-notify.kedebahlite.com:4444/app/wwypulxmt0gisyx9bav4?protocol=7&client=js&version=8.4.0&flash=false' failed: WebSocket is closed before the connection is established. @ https://sbxkedebah-v2.npontu.com/build/assets/app-BQac9LSS.js:7
[13090942ms] [WARNING] WebSocket connection to 'wss://sbx-notify.kedebahlite.com:4444/app/wwypulxmt0gisyx9bav4?protocol=7&client=js&version=8.4.0&flash=false' failed: WebSocket is closed before the connection is established. @ https://sbxkedebah-v2.npontu.com/build/assets/app-BQac9LSS.js:7
[13150945ms] [WARNING] WebSocket connection to 'wss://sbx-notify.kedebahlite.com:4444/app/wwypulxmt0gisyx9bav4?protocol=7&client=js&version=8.4.0&flash=false' failed: WebSocket is closed before the connection is established. @ https://sbxkedebah-v2.npontu.com/build/assets/app-BQac9LSS.js:7
[13210949ms] [WARNING] WebSocket connection to 'wss://sbx-notify.kedebahlite.com:4444/app/wwypulxmt0gisyx9bav4?protocol=7&client=js&version=8.4.0&flash=false' failed: WebSocket is closed before the connection is established. @ https://sbxkedebah-v2.npontu.com/build/assets/app-BQac9LSS.js:7
[13270957ms] [WARNING] WebSocket connection to 'wss://sbx-notify.kedebahlite.com:4444/app/wwypulxmt0gisyx9bav4?protocol=7&client=js&version=8.4.0&flash=false' failed: WebSocket is closed before the connection is established. @ https://sbxkedebah-v2.npontu.com/build/assets/app-BQac9LSS.js:7
[13330968ms] [WARNING] WebSocket connection to 'wss://sbx-notify.kedebahlite.com:4444/app/wwypulxmt0gisyx9bav4?protocol=7&client=js&version=8.4.0&flash=false' failed: WebSocket is closed before the connection is established. @ https://sbxkedebah-v2.npontu.com/build/assets/app-BQac9LSS.js:7
[13390973ms] [WARNING] WebSocket connection to 'wss://sbx-notify.kedebahlite.com:4444/app/wwypulxmt0gisyx9bav4?protocol=7&client=js&version=8.4.0&flash=false' failed: WebSocket is closed before the connection is established. @ https://sbxkedebah-v2.npontu.com/build/assets/app-BQac9LSS.js:7
[13450979ms] [WARNING] WebSocket connection to 'wss://sbx-notify.kedebahlite.com:4444/app/wwypulxmt0gisyx9bav4?protocol=7&client=js&version=8.4.0&flash=false' failed: WebSocket is closed before the connection is established. @ https://sbxkedebah-v2.npontu.com/build/assets/app-BQac9LSS.js:7
[13510984ms] [WARNING] WebSocket connection to 'wss://sbx-notify.kedebahlite.com:4444/app/wwypulxmt0gisyx9bav4?protocol=7&client=js&version=8.4.0&flash=false' failed: WebSocket is closed before the connection is established. @ https://sbxkedebah-v2.npontu.com/build/assets/app-BQac9LSS.js:7
[13570989ms] [WARNING] WebSocket connection to 'wss://sbx-notify.kedebahlite.com:4444/app/wwypulxmt0gisyx9bav4?protocol=7&client=js&version=8.4.0&flash=false' failed: WebSocket is closed before the connection is established. @ https://sbxkedebah-v2.npontu.com/build/assets/app-BQac9LSS.js:7
[13630995ms] [WARNING] WebSocket connection to 'wss://sbx-notify.kedebahlite.com:4444/app/wwypulxmt0gisyx9bav4?protocol=7&client=js&version=8.4.0&flash=false' failed: WebSocket is closed before the connection is established. @ https://sbxkedebah-v2.npontu.com/build/assets/app-BQac9LSS.js:7
[13691005ms] [WARNING] WebSocket connection to 'wss://sbx-notify.kedebahlite.com:4444/app/wwypulxmt0gisyx9bav4?protocol=7&client=js&version=8.4.0&flash=false' failed: WebSocket is closed before the connection is established. @ https://sbxkedebah-v2.npontu.com/build/assets/app-BQac9LSS.js:7
[13751012ms] [WARNING] WebSocket connection to 'wss://sbx-notify.kedebahlite.com:4444/app/wwypulxmt0gisyx9bav4?protocol=7&client=js&version=8.4.0&flash=false' failed: WebSocket is closed before the connection is established. @ https://sbxkedebah-v2.npontu.com/build/assets/app-BQac9LSS.js:7
[13811016ms] [WARNING] WebSocket connection to 'wss://sbx-notify.kedebahlite.com:4444/app/wwypulxmt0gisyx9bav4?protocol=7&client=js&version=8.4.0&flash=false' failed: WebSocket is closed before the connection is established. @ https://sbxkedebah-v2.npontu.com/build/assets/app-BQac9LSS.js:7
[13871026ms] [WARNING] WebSocket connection to 'wss://sbx-notify.kedebahlite.com:4444/app/wwypulxmt0gisyx9bav4?protocol=7&client=js&version=8.4.0&flash=false' failed: WebSocket is closed before the connection is established. @ https://sbxkedebah-v2.npontu.com/build/assets/app-BQac9LSS.js:7
[13931032ms] [WARNING] WebSocket connection to 'wss://sbx-notify.kedebahlite.com:4444/app/wwypulxmt0gisyx9bav4?protocol=7&client=js&version=8.4.0&flash=false' failed: WebSocket is closed before the connection is established. @ https://sbxkedebah-v2.npontu.com/build/assets/app-BQac9LSS.js:7
[13991038ms] [WARNING] WebSocket connection to 'wss://sbx-notify.kedebahlite.com:4444/app/wwypulxmt0gisyx9bav4?protocol=7&client=js&version=8.4.0&flash=false' failed: WebSocket is closed before the connection is established. @ https://sbxkedebah-v2.npontu.com/build/assets/app-BQac9LSS.js:7
[14051044ms] [WARNING] WebSocket connection to 'wss://sbx-notify.kedebahlite.com:4444/app/wwypulxmt0gisyx9bav4?protocol=7&client=js&version=8.4.0&flash=false' failed: WebSocket is closed before the connection is established. @ https://sbxkedebah-v2.npontu.com/build/assets/app-BQac9LSS.js:7
[14111048ms] [WARNING] WebSocket connection to 'wss://sbx-notify.kedebahlite.com:4444/app/wwypulxmt0gisyx9bav4?protocol=7&client=js&version=8.4.0&flash=false' failed: WebSocket is closed before the connection is established. @ https://sbxkedebah-v2.npontu.com/build/assets/app-BQac9LSS.js:7
[14171050ms] [WARNING] WebSocket connection to 'wss://sbx-notify.kedebahlite.com:4444/app/wwypulxmt0gisyx9bav4?protocol=7&client=js&version=8.4.0&flash=false' failed: WebSocket is closed before the connection is established. @ https://sbxkedebah-v2.npontu.com/build/assets/app-BQac9LSS.js:7
[14231055ms] [WARNING] WebSocket connection to 'wss://sbx-notify.kedebahlite.com:4444/app/wwypulxmt0gisyx9bav4?protocol=7&client=js&version=8.4.0&flash=false' failed: WebSocket is closed before the connection is established. @ https://sbxkedebah-v2.npontu.com/build/assets/app-BQac9LSS.js:7
[14291061ms] [WARNING] WebSocket connection to 'wss://sbx-notify.kedebahlite.com:4444/app/wwypulxmt0gisyx9bav4?protocol=7&client=js&version=8.4.0&flash=false' failed: WebSocket is closed before the connection is established. @ https://sbxkedebah-v2.npontu.com/build/assets/app-BQac9LSS.js:7
[14351072ms] [WARNING] WebSocket connection to 'wss://sbx-notify.kedebahlite.com:4444/app/wwypulxmt0gisyx9bav4?protocol=7&client=js&version=8.4.0&flash=false' failed: WebSocket is closed before the connection is established. @ https://sbxkedebah-v2.npontu.com/build/assets/app-BQac9LSS.js:7
[14411090ms] [WARNING] WebSocket connection to 'wss://sbx-notify.kedebahlite.com:4444/app/wwypulxmt0gisyx9bav4?protocol=7&client=js&version=8.4.0&flash=false' failed: WebSocket is closed before the connection is established. @ https://sbxkedebah-v2.npontu.com/build/assets/app-BQac9LSS.js:7
[14471093ms] [WARNING] WebSocket connection to 'wss://sbx-notify.kedebahlite.com:4444/app/wwypulxmt0gisyx9bav4?protocol=7&client=js&version=8.4.0&flash=false' failed: WebSocket is closed before the connection is established. @ https://sbxkedebah-v2.npontu.com/build/assets/app-BQac9LSS.js:7
[14531096ms] [WARNING] WebSocket connection to 'wss://sbx-notify.kedebahlite.com:4444/app/wwypulxmt0gisyx9bav4?protocol=7&client=js&version=8.4.0&flash=false' failed: WebSocket is closed before the connection is established. @ https://sbxkedebah-v2.npontu.com/build/assets/app-BQac9LSS.js:7
[14591097ms] [WARNING] WebSocket connection to 'wss://sbx-notify.kedebahlite.com:4444/app/wwypulxmt0gisyx9bav4?protocol=7&client=js&version=8.4.0&flash=false' failed: WebSocket is closed before the connection is established. @ https://sbxkedebah-v2.npontu.com/build/assets/app-BQac9LSS.js:7
[14651101ms] [WARNING] WebSocket connection to 'wss://sbx-notify.kedebahlite.com:4444/app/wwypulxmt0gisyx9bav4?protocol=7&client=js&version=8.4.0&flash=false' failed: WebSocket is closed before the connection is established. @ https://sbxkedebah-v2.npontu.com/build/assets/app-BQac9LSS.js:7
[14711102ms] [WARNING] WebSocket connection to 'wss://sbx-notify.kedebahlite.com:4444/app/wwypulxmt0gisyx9bav4?protocol=7&client=js&version=8.4.0&flash=false' failed: WebSocket is closed before the connection is established. @ https://sbxkedebah-v2.npontu.com/build/assets/app-BQac9LSS.js:7
[14771108ms] [WARNING] WebSocket connection to 'wss://sbx-notify.kedebahlite.com:4444/app/wwypulxmt0gisyx9bav4?protocol=7&client=js&version=8.4.0&flash=false' failed: WebSocket is closed before the connection is established. @ https://sbxkedebah-v2.npontu.com/build/assets/app-BQac9LSS.js:7
[14831117ms] [WARNING] WebSocket connection to 'wss://sbx-notify.kedebahlite.com:4444/app/wwypulxmt0gisyx9bav4?protocol=7&client=js&version=8.4.0&flash=false' failed: WebSocket is closed before the connection is established. @ https://sbxkedebah-v2.npontu.com/build/assets/app-BQac9LSS.js:7
[14891120ms] [WARNING] WebSocket connection to 'wss://sbx-notify.kedebahlite.com:4444/app/wwypulxmt0gisyx9bav4?protocol=7&client=js&version=8.4.0&flash=false' failed: WebSocket is closed before the connection is established. @ https://sbxkedebah-v2.npontu.com/build/assets/app-BQac9LSS.js:7
[14951122ms] [WARNING] WebSocket connection to 'wss://sbx-notify.kedebahlite.com:4444/app/wwypulxmt0gisyx9bav4?protocol=7&client=js&version=8.4.0&flash=false' failed: WebSocket is closed before the connection is established. @ https://sbxkedebah-v2.npontu.com/build/assets/app-BQac9LSS.js:7
[15011125ms] [WARNING] WebSocket connection to 'wss://sbx-notify.kedebahlite.com:4444/app/wwypulxmt0gisyx9bav4?protocol=7&client=js&version=8.4.0&flash=false' failed: WebSocket is closed before the connection is established. @ https://sbxkedebah-v2.npontu.com/build/assets/app-BQac9LSS.js:7
[15071129ms] [WARNING] WebSocket connection to 'wss://sbx-notify.kedebahlite.com:4444/app/wwypulxmt0gisyx9bav4?protocol=7&client=js&version=8.4.0&flash=false' failed: WebSocket is closed before the connection is established. @ https://sbxkedebah-v2.npontu.com/build/assets/app-BQac9LSS.js:7
[15131130ms] [WARNING] WebSocket connection to 'wss://sbx-notify.kedebahlite.com:4444/app/wwypulxmt0gisyx9bav4?protocol=7&client=js&version=8.4.0&flash=false' failed: WebSocket is closed before the connection is established. @ https://sbxkedebah-v2.npontu.com/build/assets/app-BQac9LSS.js:7
[15191131ms] [WARNING] WebSocket connection to 'wss://sbx-notify.kedebahlite.com:4444/app/wwypulxmt0gisyx9bav4?protocol=7&client=js&version=8.4.0&flash=false' failed: WebSocket is closed before the connection is established. @ https://sbxkedebah-v2.npontu.com/build/assets/app-BQac9LSS.js:7
[15251135ms] [WARNING] WebSocket connection to 'wss://sbx-notify.kedebahlite.com:4444/app/wwypulxmt0gisyx9bav4?protocol=7&client=js&version=8.4.0&flash=false' failed: WebSocket is closed before the connection is established. @ https://sbxkedebah-v2.npontu.com/build/assets/app-BQac9LSS.js:7
[15311138ms] [WARNING] WebSocket connection to 'wss://sbx-notify.kedebahlite.com:4444/app/wwypulxmt0gisyx9bav4?protocol=7&client=js&version=8.4.0&flash=false' failed: WebSocket is closed before the connection is established. @ https://sbxkedebah-v2.npontu.com/build/assets/app-BQac9LSS.js:7
[15371140ms] [WARNING] WebSocket connection to 'wss://sbx-notify.kedebahlite.com:4444/app/wwypulxmt0gisyx9bav4?protocol=7&client=js&version=8.4.0&flash=false' failed: WebSocket is closed before the connection is established. @ https://sbxkedebah-v2.npontu.com/build/assets/app-BQac9LSS.js:7
[15431144ms] [WARNING] WebSocket connection to 'wss://sbx-notify.kedebahlite.com:4444/app/wwypulxmt0gisyx9bav4?protocol=7&client=js&version=8.4.0&flash=false' failed: WebSocket is closed before the connection is established. @ https://sbxkedebah-v2.npontu.com/build/assets/app-BQac9LSS.js:7
[15491148ms] [WARNING] WebSocket connection to 'wss://sbx-notify.kedebahlite.com:4444/app/wwypulxmt0gisyx9bav4?protocol=7&client=js&version=8.4.0&flash=false' failed: WebSocket is closed before the connection is established. @ https://sbxkedebah-v2.npontu.com/build/assets/app-BQac9LSS.js:7
[15551152ms] [WARNING] WebSocket connection to 'wss://sbx-notify.kedebahlite.com:4444/app/wwypulxmt0gisyx9bav4?protocol=7&client=js&version=8.4.0&flash=false' failed: WebSocket is closed before the connection is established. @ https://sbxkedebah-v2.npontu.com/build/assets/app-BQac9LSS.js:7
[15611155ms] [WARNING] WebSocket connection to 'wss://sbx-notify.kedebahlite.com:4444/app/wwypulxmt0gisyx9bav4?protocol=7&client=js&version=8.4.0&flash=false' failed: WebSocket is closed before the connection is established. @ https://sbxkedebah-v2.npontu.com/build/assets/app-BQac9LSS.js:7
[15671160ms] [WARNING] WebSocket connection to 'wss://sbx-notify.kedebahlite.com:4444/app/wwypulxmt0gisyx9bav4?protocol=7&client=js&version=8.4.0&flash=false' failed: WebSocket is closed before the connection is established. @ https://sbxkedebah-v2.npontu.com/build/assets/app-BQac9LSS.js:7
[15731171ms] [WARNING] WebSocket connection to 'wss://sbx-notify.kedebahlite.com:4444/app/wwypulxmt0gisyx9bav4?protocol=7&client=js&version=8.4.0&flash=false' failed: WebSocket is closed before the connection is established. @ https://sbxkedebah-v2.npontu.com/build/assets/app-BQac9LSS.js:7
[15791181ms] [WARNING] WebSocket connection to 'wss://sbx-notify.kedebahlite.com:4444/app/wwypulxmt0gisyx9bav4?protocol=7&client=js&version=8.4.0&flash=false' failed: WebSocket is closed before the connection is established. @ https://sbxkedebah-v2.npontu.com/build/assets/app-BQac9LSS.js:7
[15851196ms] [WARNING] WebSocket connection to 'wss://sbx-notify.kedebahlite.com:4444/app/wwypulxmt0gisyx9bav4?protocol=7&client=js&version=8.4.0&flash=false' failed: WebSocket is closed before the connection is established. @ https://sbxkedebah-v2.npontu.com/build/assets/app-BQac9LSS.js:7
[15911214ms] [WARNING] WebSocket connection to 'wss://sbx-notify.kedebahlite.com:4444/app/wwypulxmt0gisyx9bav4?protocol=7&client=js&version=8.4.0&flash=false' failed: WebSocket is closed before the connection is established. @ https://sbxkedebah-v2.npontu.com/build/assets/app-BQac9LSS.js:7
[15971224ms] [WARNING] WebSocket connection to 'wss://sbx-notify.kedebahlite.com:4444/app/wwypulxmt0gisyx9bav4?protocol=7&client=js&version=8.4.0&flash=false' failed: WebSocket is closed before the connection is established. @ https://sbxkedebah-v2.npontu.com/build/assets/app-BQac9LSS.js:7
[16031230ms] [WARNING] WebSocket connection to 'wss://sbx-notify.kedebahlite.com:4444/app/wwypulxmt0gisyx9bav4?protocol=7&client=js&version=8.4.0&flash=false' failed: WebSocket is closed before the connection is established. @ https://sbxkedebah-v2.npontu.com/build/assets/app-BQac9LSS.js:7
[16091235ms] [WARNING] WebSocket connection to 'wss://sbx-notify.kedebahlite.com:4444/app/wwypulxmt0gisyx9bav4?protocol=7&client=js&version=8.4.0&flash=false' failed: WebSocket is closed before the connection is established. @ https://sbxkedebah-v2.npontu.com/build/assets/app-BQac9LSS.js:7
[16151246ms] [WARNING] WebSocket connection to 'wss://sbx-notify.kedebahlite.com:4444/app/wwypulxmt0gisyx9bav4?protocol=7&client=js&version=8.4.0&flash=false' failed: WebSocket is closed before the connection is established. @ https://sbxkedebah-v2.npontu.com/build/assets/app-BQac9LSS.js:7
[16211256ms] [WARNING] WebSocket connection to 'wss://sbx-notify.kedebahlite.com:4444/app/wwypulxmt0gisyx9bav4?protocol=7&client=js&version=8.4.0&flash=false' failed: WebSocket is closed before the connection is established. @ https://sbxkedebah-v2.npontu.com/build/assets/app-BQac9LSS.js:7
[16271261ms] [WARNING] WebSocket connection to 'wss://sbx-notify.kedebahlite.com:4444/app/wwypulxmt0gisyx9bav4?protocol=7&client=js&version=8.4.0&flash=false' failed: WebSocket is closed before the connection is established. @ https://sbxkedebah-v2.npontu.com/build/assets/app-BQac9LSS.js:7
[16331268ms] [WARNING] WebSocket connection to 'wss://sbx-notify.kedebahlite.com:4444/app/wwypulxmt0gisyx9bav4?protocol=7&client=js&version=8.4.0&flash=false' failed: WebSocket is closed before the connection is established. @ https://sbxkedebah-v2.npontu.com/build/assets/app-BQac9LSS.js:7
[16391279ms] [WARNING] WebSocket connection to 'wss://sbx-notify.kedebahlite.com:4444/app/wwypulxmt0gisyx9bav4?protocol=7&client=js&version=8.4.0&flash=false' failed: WebSocket is closed before the connection is established. @ https://sbxkedebah-v2.npontu.com/build/assets/app-BQac9LSS.js:7
[16434785ms] [WARNING] WebSocket connection to 'wss://sbx-notify.kedebahlite.com:4444/app/wwypulxmt0gisyx9bav4?protocol=7&client=js&version=8.4.0&flash=false' failed: WebSocket is closed before the connection is established. @ https://sbxkedebah-v2.npontu.com/build/assets/app-BQac9LSS.js:7
[16449811ms] [WARNING] WebSocket connection to 'wss://sbx-notify.kedebahlite.com:4444/app/wwypulxmt0gisyx9bav4?protocol=7&client=js&version=8.4.0&flash=false' failed: WebSocket is closed before the connection is established. @ https://sbxkedebah-v2.npontu.com/build/assets/app-BQac9LSS.js:7
[16479818ms] [WARNING] WebSocket connection to 'wss://sbx-notify.kedebahlite.com:4444/app/wwypulxmt0gisyx9bav4?protocol=7&client=js&version=8.4.0&flash=false' failed: WebSocket is closed before the connection is established. @ https://sbxkedebah-v2.npontu.com/build/assets/app-BQac9LSS.js:7
[16484826ms] [ERROR] WebSocket connection to 'wss://sbx-notify.kedebahlite.com:4444/app/wwypulxmt0gisyx9bav4?protocol=7&client=js&version=8.4.0&flash=false' failed: Error in connection establishment: net::ERR_NETWORK_IO_SUSPENDED @ https://sbxkedebah-v2.npontu.com/build/assets/app-BQac9LSS.js:8
[16803759ms] [WARNING] WebSocket connection to 'wss://sbx-notify.kedebahlite.com:4444/app/wwypulxmt0gisyx9bav4?protocol=7&client=js&version=8.4.0&flash=false' failed: WebSocket is closed before the connection is established. @ https://sbxkedebah-v2.npontu.com/build/assets/app-BQac9LSS.js:7
[16868851ms] [WARNING] WebSocket connection to 'wss://sbx-notify.kedebahlite.com:4444/app/wwypulxmt0gisyx9bav4?protocol=7&client=js&version=8.4.0&flash=false' failed: WebSocket is closed before the connection is established. @ https://sbxkedebah-v2.npontu.com/build/assets/app-BQac9LSS.js:7
[17847970ms] [WARNING] WebSocket connection to 'wss://sbx-notify.kedebahlite.com:4444/app/wwypulxmt0gisyx9bav4?protocol=7&client=js&version=8.4.0&flash=false' failed: WebSocket is closed before the connection is established. @ https://sbxkedebah-v2.npontu.com/build/assets/app-BQac9LSS.js:7
[17907974ms] [WARNING] WebSocket connection to 'wss://sbx-notify.kedebahlite.com:4444/app/wwypulxmt0gisyx9bav4?protocol=7&client=js&version=8.4.0&flash=false' failed: WebSocket is closed before the connection is established. @ https://sbxkedebah-v2.npontu.com/build/assets/app-BQac9LSS.js:7
[17967978ms] [WARNING] WebSocket connection to 'wss://sbx-notify.kedebahlite.com:4444/app/wwypulxmt0gisyx9bav4?protocol=7&client=js&version=8.4.0&flash=false' failed: WebSocket is closed before the connection is established. @ https://sbxkedebah-v2.npontu.com/build/assets/app-BQac9LSS.js:7
[18027981ms] [WARNING] WebSocket connection to 'wss://sbx-notify.kedebahlite.com:4444/app/wwypulxmt0gisyx9bav4?protocol=7&client=js&version=8.4.0&flash=false' failed: WebSocket is closed before the connection is established. @ https://sbxkedebah-v2.npontu.com/build/assets/app-BQac9LSS.js:7
[18087985ms] [WARNING] WebSocket connection to 'wss://sbx-notify.kedebahlite.com:4444/app/wwypulxmt0gisyx9bav4?protocol=7&client=js&version=8.4.0&flash=false' failed: WebSocket is closed before the connection is established. @ https://sbxkedebah-v2.npontu.com/build/assets/app-BQac9LSS.js:7
[18147990ms] [WARNING] WebSocket connection to 'wss://sbx-notify.kedebahlite.com:4444/app/wwypulxmt0gisyx9bav4?protocol=7&client=js&version=8.4.0&flash=false' failed: WebSocket is closed before the connection is established. @ https://sbxkedebah-v2.npontu.com/build/assets/app-BQac9LSS.js:7
[18207993ms] [WARNING] WebSocket connection to 'wss://sbx-notify.kedebahlite.com:4444/app/wwypulxmt0gisyx9bav4?protocol=7&client=js&version=8.4.0&flash=false' failed: WebSocket is closed before the connection is established. @ https://sbxkedebah-v2.npontu.com/build/assets/app-BQac9LSS.js:7
[18267996ms] [WARNING] WebSocket connection to 'wss://sbx-notify.kedebahlite.com:4444/app/wwypulxmt0gisyx9bav4?protocol=7&client=js&version=8.4.0&flash=false' failed: WebSocket is closed before the connection is established. @ https://sbxkedebah-v2.npontu.com/build/assets/app-BQac9LSS.js:7
[18328000ms] [WARNING] WebSocket connection to 'wss://sbx-notify.kedebahlite.com:4444/app/wwypulxmt0gisyx9bav4?protocol=7&client=js&version=8.4.0&flash=false' failed: WebSocket is closed before the connection is established. @ https://sbxkedebah-v2.npontu.com/build/assets/app-BQac9LSS.js:7
[18388003ms] [WARNING] WebSocket connection to 'wss://sbx-notify.kedebahlite.com:4444/app/wwypulxmt0gisyx9bav4?protocol=7&client=js&version=8.4.0&flash=false' failed: WebSocket is closed before the connection is established. @ https://sbxkedebah-v2.npontu.com/build/assets/app-BQac9LSS.js:7
[18448008ms] [WARNING] WebSocket connection to 'wss://sbx-notify.kedebahlite.com:4444/app/wwypulxmt0gisyx9bav4?protocol=7&client=js&version=8.4.0&flash=false' failed: WebSocket is closed before the connection is established. @ https://sbxkedebah-v2.npontu.com/build/assets/app-BQac9LSS.js:7
[18508011ms] [WARNING] WebSocket connection to 'wss://sbx-notify.kedebahlite.com:4444/app/wwypulxmt0gisyx9bav4?protocol=7&client=js&version=8.4.0&flash=false' failed: WebSocket is closed before the connection is established. @ https://sbxkedebah-v2.npontu.com/build/assets/app-BQac9LSS.js:7
[18568014ms] [WARNING] WebSocket connection to 'wss://sbx-notify.kedebahlite.com:4444/app/wwypulxmt0gisyx9bav4?protocol=7&client=js&version=8.4.0&flash=false' failed: WebSocket is closed before the connection is established. @ https://sbxkedebah-v2.npontu.com/build/assets/app-BQac9LSS.js:7
[18628021ms] [WARNING] WebSocket connection to 'wss://sbx-notify.kedebahlite.com:4444/app/wwypulxmt0gisyx9bav4?protocol=7&client=js&version=8.4.0&flash=false' failed: WebSocket is closed before the connection is established. @ https://sbxkedebah-v2.npontu.com/build/assets/app-BQac9LSS.js:7
[18688029ms] [WARNING] WebSocket connection to 'wss://sbx-notify.kedebahlite.com:4444/app/wwypulxmt0gisyx9bav4?protocol=7&client=js&version=8.4.0&flash=false' failed: WebSocket is closed before the connection is established. @ https://sbxkedebah-v2.npontu.com/build/assets/app-BQac9LSS.js:7
[18748035ms] [WARNING] WebSocket connection to 'wss://sbx-notify.kedebahlite.com:4444/app/wwypulxmt0gisyx9bav4?protocol=7&client=js&version=8.4.0&flash=false' failed: WebSocket is closed before the connection is established. @ https://sbxkedebah-v2.npontu.com/build/assets/app-BQac9LSS.js:7
[18808036ms] [WARNING] WebSocket connection to 'wss://sbx-notify.kedebahlite.com:4444/app/wwypulxmt0gisyx9bav4?protocol=7&client=js&version=8.4.0&flash=false' failed: WebSocket is closed before the connection is established. @ https://sbxkedebah-v2.npontu.com/build/assets/app-BQac9LSS.js:7
[18868037ms] [WARNING] WebSocket connection to 'wss://sbx-notify.kedebahlite.com:4444/app/wwypulxmt0gisyx9bav4?protocol=7&client=js&version=8.4.0&flash=false' failed: WebSocket is closed before the connection is established. @ https://sbxkedebah-v2.npontu.com/build/assets/app-BQac9LSS.js:7
[18928040ms] [WARNING] WebSocket connection to 'wss://sbx-notify.kedebahlite.com:4444/app/wwypulxmt0gisyx9bav4?protocol=7&client=js&version=8.4.0&flash=false' failed: WebSocket is closed before the connection is established. @ https://sbxkedebah-v2.npontu.com/build/assets/app-BQac9LSS.js:7
[18988044ms] [WARNING] WebSocket connection to 'wss://sbx-notify.kedebahlite.com:4444/app/wwypulxmt0gisyx9bav4?protocol=7&client=js&version=8.4.0&flash=false' failed: WebSocket is closed before the connection is established. @ https://sbxkedebah-v2.npontu.com/build/assets/app-BQac9LSS.js:7
[19048047ms] [WARNING] WebSocket connection to 'wss://sbx-notify.kedebahlite.com:4444/app/wwypulxmt0gisyx9bav4?protocol=7&client=js&version=8.4.0&flash=false' failed: WebSocket is closed before the connection is established. @ https://sbxkedebah-v2.npontu.com/build/assets/app-BQac9LSS.js:7
[19108052ms] [WARNING] WebSocket connection to 'wss://sbx-notify.kedebahlite.com:4444/app/wwypulxmt0gisyx9bav4?protocol=7&client=js&version=8.4.0&flash=false' failed: WebSocket is closed before the connection is established. @ https://sbxkedebah-v2.npontu.com/build/assets/app-BQac9LSS.js:7
[19168060ms] [WARNING] WebSocket connection to 'wss://sbx-notify.kedebahlite.com:4444/app/wwypulxmt0gisyx9bav4?protocol=7&client=js&version=8.4.0&flash=false' failed: WebSocket is closed before the connection is established. @ https://sbxkedebah-v2.npontu.com/build/assets/app-BQac9LSS.js:7
[19228068ms] [WARNING] WebSocket connection to 'wss://sbx-notify.kedebahlite.com:4444/app/wwypulxmt0gisyx9bav4?protocol=7&client=js&version=8.4.0&flash=false' failed: WebSocket is closed before the connection is established. @ https://sbxkedebah-v2.npontu.com/build/assets/app-BQac9LSS.js:7
[19288074ms] [WARNING] WebSocket connection to 'wss://sbx-notify.kedebahlite.com:4444/app/wwypulxmt0gisyx9bav4?protocol=7&client=js&version=8.4.0&flash=false' failed: WebSocket is closed before the connection is established. @ https://sbxkedebah-v2.npontu.com/build/assets/app-BQac9LSS.js:7
[19348086ms] [WARNING] WebSocket connection to 'wss://sbx-notify.kedebahlite.com:4444/app/wwypulxmt0gisyx9bav4?protocol=7&client=js&version=8.4.0&flash=false' failed: WebSocket is closed before the connection is established. @ https://sbxkedebah-v2.npontu.com/build/assets/app-BQac9LSS.js:7
[19408135ms] [WARNING] WebSocket connection to 'wss://sbx-notify.kedebahlite.com:4444/app/wwypulxmt0gisyx9bav4?protocol=7&client=js&version=8.4.0&flash=false' failed: WebSocket is closed before the connection is established. @ https://sbxkedebah-v2.npontu.com/build/assets/app-BQac9LSS.js:7
[19468142ms] [WARNING] WebSocket connection to 'wss://sbx-notify.kedebahlite.com:4444/app/wwypulxmt0gisyx9bav4?protocol=7&client=js&version=8.4.0&flash=false' failed: WebSocket is closed before the connection is established. @ https://sbxkedebah-v2.npontu.com/build/assets/app-BQac9LSS.js:7
[19528156ms] [WARNING] WebSocket connection to 'wss://sbx-notify.kedebahlite.com:4444/app/wwypulxmt0gisyx9bav4?protocol=7&client=js&version=8.4.0&flash=false' failed: WebSocket is closed before the connection is established. @ https://sbxkedebah-v2.npontu.com/build/assets/app-BQac9LSS.js:7
[19588162ms] [WARNING] WebSocket connection to 'wss://sbx-notify.kedebahlite.com:4444/app/wwypulxmt0gisyx9bav4?protocol=7&client=js&version=8.4.0&flash=false' failed: WebSocket is closed before the connection is established. @ https://sbxkedebah-v2.npontu.com/build/assets/app-BQac9LSS.js:7
[19591491ms] [ERROR] WebSocket connection to 'wss://sbx-notify.kedebahlite.com:4444/app/wwypulxmt0gisyx9bav4?protocol=7&client=js&version=8.4.0&flash=false' failed: Error in connection establishment: net::ERR_NETWORK_IO_SUSPENDED @ https://sbxkedebah-v2.npontu.com/build/assets/app-BQac9LSS.js:8
[20072668ms] [WARNING] WebSocket connection to 'wss://sbx-notify.kedebahlite.com:4444/app/wwypulxmt0gisyx9bav4?protocol=7&client=js&version=8.4.0&flash=false' failed: WebSocket is closed before the connection is established. @ https://sbxkedebah-v2.npontu.com/build/assets/app-BQac9LSS.js:7
[20138706ms] [WARNING] WebSocket connection to 'wss://sbx-notify.kedebahlite.com:4444/app/wwypulxmt0gisyx9bav4?protocol=7&client=js&version=8.4.0&flash=false' failed: WebSocket is closed before the connection is established. @ https://sbxkedebah-v2.npontu.com/build/assets/app-BQac9LSS.js:7
[20527344ms] [WARNING] WebSocket connection to 'wss://sbx-notify.kedebahlite.com:4444/app/wwypulxmt0gisyx9bav4?protocol=7&client=js&version=8.4.0&flash=false' failed: WebSocket is closed before the connection is established. @ https://sbxkedebah-v2.npontu.com/build/assets/app-BQac9LSS.js:7
[20589425ms] [WARNING] WebSocket connection to 'wss://sbx-notify.kedebahlite.com:4444/app/wwypulxmt0gisyx9bav4?protocol=7&client=js&version=8.4.0&flash=false' failed: WebSocket is closed before the connection is established. @ https://sbxkedebah-v2.npontu.com/build/assets/app-BQac9LSS.js:7
[20649431ms] [WARNING] WebSocket connection to 'wss://sbx-notify.kedebahlite.com:4444/app/wwypulxmt0gisyx9bav4?protocol=7&client=js&version=8.4.0&flash=false' failed: WebSocket is closed before the connection is established. @ https://sbxkedebah-v2.npontu.com/build/assets/app-BQac9LSS.js:7
[20709437ms] [WARNING] WebSocket connection to 'wss://sbx-notify.kedebahlite.com:4444/app/wwypulxmt0gisyx9bav4?protocol=7&client=js&version=8.4.0&flash=false' failed: WebSocket is closed before the connection is established. @ https://sbxkedebah-v2.npontu.com/build/assets/app-BQac9LSS.js:7
[20769444ms] [WARNING] WebSocket connection to 'wss://sbx-notify.kedebahlite.com:4444/app/wwypulxmt0gisyx9bav4?protocol=7&client=js&version=8.4.0&flash=false' failed: WebSocket is closed before the connection is established. @ https://sbxkedebah-v2.npontu.com/build/assets/app-BQac9LSS.js:7
[20829450ms] [WARNING] WebSocket connection to 'wss://sbx-notify.kedebahlite.com:4444/app/wwypulxmt0gisyx9bav4?protocol=7&client=js&version=8.4.0&flash=false' failed: WebSocket is closed before the connection is established. @ https://sbxkedebah-v2.npontu.com/build/assets/app-BQac9LSS.js:7
[20889456ms] [WARNING] WebSocket connection to 'wss://sbx-notify.kedebahlite.com:4444/app/wwypulxmt0gisyx9bav4?protocol=7&client=js&version=8.4.0&flash=false' failed: WebSocket is closed before the connection is established. @ https://sbxkedebah-v2.npontu.com/build/assets/app-BQac9LSS.js:7
[20949460ms] [WARNING] WebSocket connection to 'wss://sbx-notify.kedebahlite.com:4444/app/wwypulxmt0gisyx9bav4?protocol=7&client=js&version=8.4.0&flash=false' failed: WebSocket is closed before the connection is established. @ https://sbxkedebah-v2.npontu.com/build/assets/app-BQac9LSS.js:7
[21009463ms] [WARNING] WebSocket connection to 'wss://sbx-notify.kedebahlite.com:4444/app/wwypulxmt0gisyx9bav4?protocol=7&client=js&version=8.4.0&flash=false' failed: WebSocket is closed before the connection is established. @ https://sbxkedebah-v2.npontu.com/build/assets/app-BQac9LSS.js:7
[21069466ms] [WARNING] WebSocket connection to 'wss://sbx-notify.kedebahlite.com:4444/app/wwypulxmt0gisyx9bav4?protocol=7&client=js&version=8.4.0&flash=false' failed: WebSocket is closed before the connection is established. @ https://sbxkedebah-v2.npontu.com/build/assets/app-BQac9LSS.js:7
[21129471ms] [WARNING] WebSocket connection to 'wss://sbx-notify.kedebahlite.com:4444/app/wwypulxmt0gisyx9bav4?protocol=7&client=js&version=8.4.0&flash=false' failed: WebSocket is closed before the connection is established. @ https://sbxkedebah-v2.npontu.com/build/assets/app-BQac9LSS.js:7
[21189474ms] [WARNING] WebSocket connection to 'wss://sbx-notify.kedebahlite.com:4444/app/wwypulxmt0gisyx9bav4?protocol=7&client=js&version=8.4.0&flash=false' failed: WebSocket is closed before the connection is established. @ https://sbxkedebah-v2.npontu.com/build/assets/app-BQac9LSS.js:7
[21249476ms] [WARNING] WebSocket connection to 'wss://sbx-notify.kedebahlite.com:4444/app/wwypulxmt0gisyx9bav4?protocol=7&client=js&version=8.4.0&flash=false' failed: WebSocket is closed before the connection is established. @ https://sbxkedebah-v2.npontu.com/build/assets/app-BQac9LSS.js:7
[21309480ms] [WARNING] WebSocket connection to 'wss://sbx-notify.kedebahlite.com:4444/app/wwypulxmt0gisyx9bav4?protocol=7&client=js&version=8.4.0&flash=false' failed: WebSocket is closed before the connection is established. @ https://sbxkedebah-v2.npontu.com/build/assets/app-BQac9LSS.js:7
[21369481ms] [WARNING] WebSocket connection to 'wss://sbx-notify.kedebahlite.com:4444/app/wwypulxmt0gisyx9bav4?protocol=7&client=js&version=8.4.0&flash=false' failed: WebSocket is closed before the connection is established. @ https://sbxkedebah-v2.npontu.com/build/assets/app-BQac9LSS.js:7
[21429484ms] [WARNING] WebSocket connection to 'wss://sbx-notify.kedebahlite.com:4444/app/wwypulxmt0gisyx9bav4?protocol=7&client=js&version=8.4.0&flash=false' failed: WebSocket is closed before the connection is established. @ https://sbxkedebah-v2.npontu.com/build/assets/app-BQac9LSS.js:7
[21489489ms] [WARNING] WebSocket connection to 'wss://sbx-notify.kedebahlite.com:4444/app/wwypulxmt0gisyx9bav4?protocol=7&client=js&version=8.4.0&flash=false' failed: WebSocket is closed before the connection is established. @ https://sbxkedebah-v2.npontu.com/build/assets/app-BQac9LSS.js:7
[21549490ms] [WARNING] WebSocket connection to 'wss://sbx-notify.kedebahlite.com:4444/app/wwypulxmt0gisyx9bav4?protocol=7&client=js&version=8.4.0&flash=false' failed: WebSocket is closed before the connection is established. @ https://sbxkedebah-v2.npontu.com/build/assets/app-BQac9LSS.js:7
[21609494ms] [WARNING] WebSocket connection to 'wss://sbx-notify.kedebahlite.com:4444/app/wwypulxmt0gisyx9bav4?protocol=7&client=js&version=8.4.0&flash=false' failed: WebSocket is closed before the connection is established. @ https://sbxkedebah-v2.npontu.com/build/assets/app-BQac9LSS.js:7
[21669501ms] [WARNING] WebSocket connection to 'wss://sbx-notify.kedebahlite.com:4444/app/wwypulxmt0gisyx9bav4?protocol=7&client=js&version=8.4.0&flash=false' failed: WebSocket is closed before the connection is established. @ https://sbxkedebah-v2.npontu.com/build/assets/app-BQac9LSS.js:7
[21729506ms] [WARNING] WebSocket connection to 'wss://sbx-notify.kedebahlite.com:4444/app/wwypulxmt0gisyx9bav4?protocol=7&client=js&version=8.4.0&flash=false' failed: WebSocket is closed before the connection is established. @ https://sbxkedebah-v2.npontu.com/build/assets/app-BQac9LSS.js:7
[21789511ms] [WARNING] WebSocket connection to 'wss://sbx-notify.kedebahlite.com:4444/app/wwypulxmt0gisyx9bav4?protocol=7&client=js&version=8.4.0&flash=false' failed: WebSocket is closed before the connection is established. @ https://sbxkedebah-v2.npontu.com/build/assets/app-BQac9LSS.js:7
[22165390ms] [WARNING] WebSocket connection to 'wss://sbx-notify.kedebahlite.com:4444/app/wwypulxmt0gisyx9bav4?protocol=7&client=js&version=8.4.0&flash=false' failed: WebSocket is closed before the connection is established. @ https://sbxkedebah-v2.npontu.com/build/assets/app-BQac9LSS.js:7
[22391733ms] [WARNING] WebSocket connection to 'wss://sbx-notify.kedebahlite.com:4444/app/wwypulxmt0gisyx9bav4?protocol=7&client=js&version=8.4.0&flash=false' failed: WebSocket is closed before the connection is established. @ https://sbxkedebah-v2.npontu.com/build/assets/app-BQac9LSS.js:7
[22451741ms] [WARNING] WebSocket connection to 'wss://sbx-notify.kedebahlite.com:4444/app/wwypulxmt0gisyx9bav4?protocol=7&client=js&version=8.4.0&flash=false' failed: WebSocket is closed before the connection is established. @ https://sbxkedebah-v2.npontu.com/build/assets/app-BQac9LSS.js:7
[22511745ms] [WARNING] WebSocket connection to 'wss://sbx-notify.kedebahlite.com:4444/app/wwypulxmt0gisyx9bav4?protocol=7&client=js&version=8.4.0&flash=false' failed: WebSocket is closed before the connection is established. @ https://sbxkedebah-v2.npontu.com/build/assets/app-BQac9LSS.js:7
[23555443ms] [WARNING] WebSocket connection to 'wss://sbx-notify.kedebahlite.com:4444/app/wwypulxmt0gisyx9bav4?protocol=7&client=js&version=8.4.0&flash=false' failed: WebSocket is closed before the connection is established. @ https://sbxkedebah-v2.npontu.com/build/assets/app-BQac9LSS.js:7
[23621865ms] [WARNING] WebSocket connection to 'wss://sbx-notify.kedebahlite.com:4444/app/wwypulxmt0gisyx9bav4?protocol=7&client=js&version=8.4.0&flash=false' failed: WebSocket is closed before the connection is established. @ https://sbxkedebah-v2.npontu.com/build/assets/app-BQac9LSS.js:7
[24606906ms] [WARNING] WebSocket connection to 'wss://sbx-notify.kedebahlite.com:4444/app/wwypulxmt0gisyx9bav4?protocol=7&client=js&version=8.4.0&flash=false' failed: WebSocket is closed before the connection is established. @ https://sbxkedebah-v2.npontu.com/build/assets/app-BQac9LSS.js:7
[24680178ms] [WARNING] WebSocket connection to 'wss://sbx-notify.kedebahlite.com:4444/app/wwypulxmt0gisyx9bav4?protocol=7&client=js&version=8.4.0&flash=false' failed: WebSocket is closed before the connection is established. @ https://sbxkedebah-v2.npontu.com/build/assets/app-BQac9LSS.js:7
[24740322ms] [WARNING] WebSocket connection to 'wss://sbx-notify.kedebahlite.com:4444/app/wwypulxmt0gisyx9bav4?protocol=7&client=js&version=8.4.0&flash=false' failed: WebSocket is closed before the connection is established. @ https://sbxkedebah-v2.npontu.com/build/assets/app-BQac9LSS.js:7
[24800427ms] [WARNING] WebSocket connection to 'wss://sbx-notify.kedebahlite.com:4444/app/wwypulxmt0gisyx9bav4?protocol=7&client=js&version=8.4.0&flash=false' failed: WebSocket is closed before the connection is established. @ https://sbxkedebah-v2.npontu.com/build/assets/app-BQac9LSS.js:7
[24884017ms] [WARNING] WebSocket connection to 'wss://sbx-notify.kedebahlite.com:4444/app/wwypulxmt0gisyx9bav4?protocol=7&client=js&version=8.4.0&flash=false' failed: WebSocket is closed before the connection is established. @ https://sbxkedebah-v2.npontu.com/build/assets/app-BQac9LSS.js:7
[25068968ms] [WARNING] WebSocket connection to 'wss://sbx-notify.kedebahlite.com:4444/app/wwypulxmt0gisyx9bav4?protocol=7&client=js&version=8.4.0&flash=false' failed: WebSocket is closed before the connection is established. @ https://sbxkedebah-v2.npontu.com/build/assets/app-BQac9LSS.js:7
[25128976ms] [WARNING] WebSocket connection to 'wss://sbx-notify.kedebahlite.com:4444/app/wwypulxmt0gisyx9bav4?protocol=7&client=js&version=8.4.0&flash=false' failed: WebSocket is closed before the connection is established. @ https://sbxkedebah-v2.npontu.com/build/assets/app-BQac9LSS.js:7
[25188979ms] [WARNING] WebSocket connection to 'wss://sbx-notify.kedebahlite.com:4444/app/wwypulxmt0gisyx9bav4?protocol=7&client=js&version=8.4.0&flash=false' failed: WebSocket is closed before the connection is established. @ https://sbxkedebah-v2.npontu.com/build/assets/app-BQac9LSS.js:7
[25248981ms] [WARNING] WebSocket connection to 'wss://sbx-notify.kedebahlite.com:4444/app/wwypulxmt0gisyx9bav4?protocol=7&client=js&version=8.4.0&flash=false' failed: WebSocket is closed before the connection is established. @ https://sbxkedebah-v2.npontu.com/build/assets/app-BQac9LSS.js:7
[25308983ms] [WARNING] WebSocket connection to 'wss://sbx-notify.kedebahlite.com:4444/app/wwypulxmt0gisyx9bav4?protocol=7&client=js&version=8.4.0&flash=false' failed: WebSocket is closed before the connection is established. @ https://sbxkedebah-v2.npontu.com/build/assets/app-BQac9LSS.js:7
[25368985ms] [WARNING] WebSocket connection to 'wss://sbx-notify.kedebahlite.com:4444/app/wwypulxmt0gisyx9bav4?protocol=7&client=js&version=8.4.0&flash=false' failed: WebSocket is closed before the connection is established. @ https://sbxkedebah-v2.npontu.com/build/assets/app-BQac9LSS.js:7
[25428987ms] [WARNING] WebSocket connection to 'wss://sbx-notify.kedebahlite.com:4444/app/wwypulxmt0gisyx9bav4?protocol=7&client=js&version=8.4.0&flash=false' failed: WebSocket is closed before the connection is established. @ https://sbxkedebah-v2.npontu.com/build/assets/app-BQac9LSS.js:7
[25488989ms] [WARNING] WebSocket connection to 'wss://sbx-notify.kedebahlite.com:4444/app/wwypulxmt0gisyx9bav4?protocol=7&client=js&version=8.4.0&flash=false' failed: WebSocket is closed before the connection is established. @ https://sbxkedebah-v2.npontu.com/build/assets/app-BQac9LSS.js:7
[25548992ms] [WARNING] WebSocket connection to 'wss://sbx-notify.kedebahlite.com:4444/app/wwypulxmt0gisyx9bav4?protocol=7&client=js&version=8.4.0&flash=false' failed: WebSocket is closed before the connection is established. @ https://sbxkedebah-v2.npontu.com/build/assets/app-BQac9LSS.js:7
[25608994ms] [WARNING] WebSocket connection to 'wss://sbx-notify.kedebahlite.com:4444/app/wwypulxmt0gisyx9bav4?protocol=7&client=js&version=8.4.0&flash=false' failed: WebSocket is closed before the connection is established. @ https://sbxkedebah-v2.npontu.com/build/assets/app-BQac9LSS.js:7
[25668997ms] [WARNING] WebSocket connection to 'wss://sbx-notify.kedebahlite.com:4444/app/wwypulxmt0gisyx9bav4?protocol=7&client=js&version=8.4.0&flash=false' failed: WebSocket is closed before the connection is established. @ https://sbxkedebah-v2.npontu.com/build/assets/app-BQac9LSS.js:7
[25728989ms] [WARNING] WebSocket connection to 'wss://sbx-notify.kedebahlite.com:4444/app/wwypulxmt0gisyx9bav4?protocol=7&client=js&version=8.4.0&flash=false' failed: WebSocket is closed before the connection is established. @ https://sbxkedebah-v2.npontu.com/build/assets/app-BQac9LSS.js:7
[25788990ms] [WARNING] WebSocket connection to 'wss://sbx-notify.kedebahlite.com:4444/app/wwypulxmt0gisyx9bav4?protocol=7&client=js&version=8.4.0&flash=false' failed: WebSocket is closed before the connection is established. @ https://sbxkedebah-v2.npontu.com/build/assets/app-BQac9LSS.js:7
[25848992ms] [WARNING] WebSocket connection to 'wss://sbx-notify.kedebahlite.com:4444/app/wwypulxmt0gisyx9bav4?protocol=7&client=js&version=8.4.0&flash=false' failed: WebSocket is closed before the connection is established. @ https://sbxkedebah-v2.npontu.com/build/assets/app-BQac9LSS.js:7
[25849308ms] [ERROR] WebSocket connection to 'wss://sbx-notify.kedebahlite.com:4444/app/wwypulxmt0gisyx9bav4?protocol=7&client=js&version=8.4.0&flash=false' failed: Error in connection establishment: net::ERR_NETWORK_IO_SUSPENDED @ https://sbxkedebah-v2.npontu.com/build/assets/app-BQac9LSS.js:8
[26237322ms] [WARNING] WebSocket connection to 'wss://sbx-notify.kedebahlite.com:4444/app/wwypulxmt0gisyx9bav4?protocol=7&client=js&version=8.4.0&flash=false' failed: WebSocket is closed before the connection is established. @ https://sbxkedebah-v2.npontu.com/build/assets/app-BQac9LSS.js:7
[26305196ms] [WARNING] WebSocket connection to 'wss://sbx-notify.kedebahlite.com:4444/app/wwypulxmt0gisyx9bav4?protocol=7&client=js&version=8.4.0&flash=false' failed: WebSocket is closed before the connection is established. @ https://sbxkedebah-v2.npontu.com/build/assets/app-BQac9LSS.js:7
[26362665ms] [WARNING] WebSocket connection to 'wss://sbx-notify.kedebahlite.com:4444/app/wwypulxmt0gisyx9bav4?protocol=7&client=js&version=8.4.0&flash=false' failed: WebSocket is closed before the connection is established. @ https://sbxkedebah-v2.npontu.com/build/assets/app-BQac9LSS.js:7
[26377683ms] [WARNING] WebSocket connection to 'wss://sbx-notify.kedebahlite.com:4444/app/wwypulxmt0gisyx9bav4?protocol=7&client=js&version=8.4.0&flash=false' failed: WebSocket is closed before the connection is established. @ https://sbxkedebah-v2.npontu.com/build/assets/app-BQac9LSS.js:7
[26408308ms] [WARNING] WebSocket connection to 'wss://sbx-notify.kedebahlite.com:4444/app/wwypulxmt0gisyx9bav4?protocol=7&client=js&version=8.4.0&flash=false' failed: WebSocket is closed before the connection is established. @ https://sbxkedebah-v2.npontu.com/build/assets/app-BQac9LSS.js:7
[26469453ms] [WARNING] WebSocket connection to 'wss://sbx-notify.kedebahlite.com:4444/app/wwypulxmt0gisyx9bav4?protocol=7&client=js&version=8.4.0&flash=false' failed: WebSocket is closed before the connection is established. @ https://sbxkedebah-v2.npontu.com/build/assets/app-BQac9LSS.js:7
[26575366ms] [WARNING] WebSocket connection to 'wss://sbx-notify.kedebahlite.com:4444/app/wwypulxmt0gisyx9bav4?protocol=7&client=js&version=8.4.0&flash=false' failed: WebSocket is closed before the connection is established. @ https://sbxkedebah-v2.npontu.com/build/assets/app-BQac9LSS.js:7
[26643403ms] [WARNING] WebSocket connection to 'wss://sbx-notify.kedebahlite.com:4444/app/wwypulxmt0gisyx9bav4?protocol=7&client=js&version=8.4.0&flash=false' failed: WebSocket is closed before the connection is established. @ https://sbxkedebah-v2.npontu.com/build/assets/app-BQac9LSS.js:7
[26759451ms] [WARNING] WebSocket connection to 'wss://sbx-notify.kedebahlite.com:4444/app/wwypulxmt0gisyx9bav4?protocol=7&client=js&version=8.4.0&flash=false' failed: WebSocket is closed before the connection is established. @ https://sbxkedebah-v2.npontu.com/build/assets/app-BQac9LSS.js:7
[26869765ms] [WARNING] WebSocket connection to 'wss://sbx-notify.kedebahlite.com:4444/app/wwypulxmt0gisyx9bav4?protocol=7&client=js&version=8.4.0&flash=false' failed: WebSocket is closed before the connection is established. @ https://sbxkedebah-v2.npontu.com/build/assets/app-BQac9LSS.js:7
[26946913ms] [WARNING] WebSocket connection to 'wss://sbx-notify.kedebahlite.com:4444/app/wwypulxmt0gisyx9bav4?protocol=7&client=js&version=8.4.0&flash=false' failed: WebSocket is closed before the connection is established. @ https://sbxkedebah-v2.npontu.com/build/assets/app-BQac9LSS.js:7
[27583729ms] [WARNING] WebSocket connection to 'wss://sbx-notify.kedebahlite.com:4444/app/wwypulxmt0gisyx9bav4?protocol=7&client=js&version=8.4.0&flash=false' failed: WebSocket is closed before the connection is established. @ https://sbxkedebah-v2.npontu.com/build/assets/app-BQac9LSS.js:7
[27592104ms] [ERROR] WebSocket connection to 'wss://sbx-notify.kedebahlite.com:4444/app/wwypulxmt0gisyx9bav4?protocol=7&client=js&version=8.4.0&flash=false' failed: Error in connection establishment: net::ERR_NETWORK_IO_SUSPENDED @ https://sbxkedebah-v2.npontu.com/build/assets/app-BQac9LSS.js:8
[28043347ms] [WARNING] WebSocket connection to 'wss://sbx-notify.kedebahlite.com:4444/app/wwypulxmt0gisyx9bav4?protocol=7&client=js&version=8.4.0&flash=false' failed: WebSocket is closed before the connection is established. @ https://sbxkedebah-v2.npontu.com/build/assets/app-BQac9LSS.js:7
[28122718ms] [WARNING] WebSocket connection to 'wss://sbx-notify.kedebahlite.com:4444/app/wwypulxmt0gisyx9bav4?protocol=7&client=js&version=8.4.0&flash=false' failed: WebSocket is closed before the connection is established. @ https://sbxkedebah-v2.npontu.com/build/assets/app-BQac9LSS.js:7
[28137733ms] [WARNING] WebSocket connection to 'wss://sbx-notify.kedebahlite.com:4444/app/wwypulxmt0gisyx9bav4?protocol=7&client=js&version=8.4.0&flash=false' failed: WebSocket is closed before the connection is established. @ https://sbxkedebah-v2.npontu.com/build/assets/app-BQac9LSS.js:7
[28167739ms] [WARNING] WebSocket connection to 'wss://sbx-notify.kedebahlite.com:4444/app/wwypulxmt0gisyx9bav4?protocol=7&client=js&version=8.4.0&flash=false' failed: WebSocket is closed before the connection is established. @ https://sbxkedebah-v2.npontu.com/build/assets/app-BQac9LSS.js:7
[28227744ms] [WARNING] WebSocket connection to 'wss://sbx-notify.kedebahlite.com:4444/app/wwypulxmt0gisyx9bav4?protocol=7&client=js&version=8.4.0&flash=false' failed: WebSocket is closed before the connection is established. @ https://sbxkedebah-v2.npontu.com/build/assets/app-BQac9LSS.js:7
[28287752ms] [WARNING] WebSocket connection to 'wss://sbx-notify.kedebahlite.com:4444/app/wwypulxmt0gisyx9bav4?protocol=7&client=js&version=8.4.0&flash=false' failed: WebSocket is closed before the connection is established. @ https://sbxkedebah-v2.npontu.com/build/assets/app-BQac9LSS.js:7
[28347758ms] [WARNING] WebSocket connection to 'wss://sbx-notify.kedebahlite.com:4444/app/wwypulxmt0gisyx9bav4?protocol=7&client=js&version=8.4.0&flash=false' failed: WebSocket is closed before the connection is established. @ https://sbxkedebah-v2.npontu.com/build/assets/app-BQac9LSS.js:7
[28407764ms] [WARNING] WebSocket connection to 'wss://sbx-notify.kedebahlite.com:4444/app/wwypulxmt0gisyx9bav4?protocol=7&client=js&version=8.4.0&flash=false' failed: WebSocket is closed before the connection is established. @ https://sbxkedebah-v2.npontu.com/build/assets/app-BQac9LSS.js:7
[28467769ms] [WARNING] WebSocket connection to 'wss://sbx-notify.kedebahlite.com:4444/app/wwypulxmt0gisyx9bav4?protocol=7&client=js&version=8.4.0&flash=false' failed: WebSocket is closed before the connection is established. @ https://sbxkedebah-v2.npontu.com/build/assets/app-BQac9LSS.js:7
[28527775ms] [WARNING] WebSocket connection to 'wss://sbx-notify.kedebahlite.com:4444/app/wwypulxmt0gisyx9bav4?protocol=7&client=js&version=8.4.0&flash=false' failed: WebSocket is closed before the connection is established. @ https://sbxkedebah-v2.npontu.com/build/assets/app-BQac9LSS.js:7
[28587783ms] [WARNING] WebSocket connection to 'wss://sbx-notify.kedebahlite.com:4444/app/wwypulxmt0gisyx9bav4?protocol=7&client=js&version=8.4.0&flash=false' failed: WebSocket is closed before the connection is established. @ https://sbxkedebah-v2.npontu.com/build/assets/app-BQac9LSS.js:7
[28647794ms] [WARNING] WebSocket connection to 'wss://sbx-notify.kedebahlite.com:4444/app/wwypulxmt0gisyx9bav4?protocol=7&client=js&version=8.4.0&flash=false' failed: WebSocket is closed before the connection is established. @ https://sbxkedebah-v2.npontu.com/build/assets/app-BQac9LSS.js:7
[28707800ms] [WARNING] WebSocket connection to 'wss://sbx-notify.kedebahlite.com:4444/app/wwypulxmt0gisyx9bav4?protocol=7&client=js&version=8.4.0&flash=false' failed: WebSocket is closed before the connection is established. @ https://sbxkedebah-v2.npontu.com/build/assets/app-BQac9LSS.js:7
[28767804ms] [WARNING] WebSocket connection to 'wss://sbx-notify.kedebahlite.com:4444/app/wwypulxmt0gisyx9bav4?protocol=7&client=js&version=8.4.0&flash=false' failed: WebSocket is closed before the connection is established. @ https://sbxkedebah-v2.npontu.com/build/assets/app-BQac9LSS.js:7
[28827807ms] [WARNING] WebSocket connection to 'wss://sbx-notify.kedebahlite.com:4444/app/wwypulxmt0gisyx9bav4?protocol=7&client=js&version=8.4.0&flash=false' failed: WebSocket is closed before the connection is established. @ https://sbxkedebah-v2.npontu.com/build/assets/app-BQac9LSS.js:7
[28887811ms] [WARNING] WebSocket connection to 'wss://sbx-notify.kedebahlite.com:4444/app/wwypulxmt0gisyx9bav4?protocol=7&client=js&version=8.4.0&flash=false' failed: WebSocket is closed before the connection is established. @ https://sbxkedebah-v2.npontu.com/build/assets/app-BQac9LSS.js:7
[28947828ms] [WARNING] WebSocket connection to 'wss://sbx-notify.kedebahlite.com:4444/app/wwypulxmt0gisyx9bav4?protocol=7&client=js&version=8.4.0&flash=false' failed: WebSocket is closed before the connection is established. @ https://sbxkedebah-v2.npontu.com/build/assets/app-BQac9LSS.js:7
[29007832ms] [WARNING] WebSocket connection to 'wss://sbx-notify.kedebahlite.com:4444/app/wwypulxmt0gisyx9bav4?protocol=7&client=js&version=8.4.0&flash=false' failed: WebSocket is closed before the connection is established. @ https://sbxkedebah-v2.npontu.com/build/assets/app-BQac9LSS.js:7
[29067835ms] [WARNING] WebSocket connection to 'wss://sbx-notify.kedebahlite.com:4444/app/wwypulxmt0gisyx9bav4?protocol=7&client=js&version=8.4.0&flash=false' failed: WebSocket is closed before the connection is established. @ https://sbxkedebah-v2.npontu.com/build/assets/app-BQac9LSS.js:7
[29127837ms] [WARNING] WebSocket connection to 'wss://sbx-notify.kedebahlite.com:4444/app/wwypulxmt0gisyx9bav4?protocol=7&client=js&version=8.4.0&flash=false' failed: WebSocket is closed before the connection is established. @ https://sbxkedebah-v2.npontu.com/build/assets/app-BQac9LSS.js:7
[29187838ms] [WARNING] WebSocket connection to 'wss://sbx-notify.kedebahlite.com:4444/app/wwypulxmt0gisyx9bav4?protocol=7&client=js&version=8.4.0&flash=false' failed: WebSocket is closed before the connection is established. @ https://sbxkedebah-v2.npontu.com/build/assets/app-BQac9LSS.js:7
[29247841ms] [WARNING] WebSocket connection to 'wss://sbx-notify.kedebahlite.com:4444/app/wwypulxmt0gisyx9bav4?protocol=7&client=js&version=8.4.0&flash=false' failed: WebSocket is closed before the connection is established. @ https://sbxkedebah-v2.npontu.com/build/assets/app-BQac9LSS.js:7
[29307844ms] [WARNING] WebSocket connection to 'wss://sbx-notify.kedebahlite.com:4444/app/wwypulxmt0gisyx9bav4?protocol=7&client=js&version=8.4.0&flash=false' failed: WebSocket is closed before the connection is established. @ https://sbxkedebah-v2.npontu.com/build/assets/app-BQac9LSS.js:7
[29367847ms] [WARNING] WebSocket connection to 'wss://sbx-notify.kedebahlite.com:4444/app/wwypulxmt0gisyx9bav4?protocol=7&client=js&version=8.4.0&flash=false' failed: WebSocket is closed before the connection is established. @ https://sbxkedebah-v2.npontu.com/build/assets/app-BQac9LSS.js:7
[29427852ms] [WARNING] WebSocket connection to 'wss://sbx-notify.kedebahlite.com:4444/app/wwypulxmt0gisyx9bav4?protocol=7&client=js&version=8.4.0&flash=false' failed: WebSocket is closed before the connection is established. @ https://sbxkedebah-v2.npontu.com/build/assets/app-BQac9LSS.js:7
[29487856ms] [WARNING] WebSocket connection to 'wss://sbx-notify.kedebahlite.com:4444/app/wwypulxmt0gisyx9bav4?protocol=7&client=js&version=8.4.0&flash=false' failed: WebSocket is closed before the connection is established. @ https://sbxkedebah-v2.npontu.com/build/assets/app-BQac9LSS.js:7
[29547861ms] [WARNING] WebSocket connection to 'wss://sbx-notify.kedebahlite.com:4444/app/wwypulxmt0gisyx9bav4?protocol=7&client=js&version=8.4.0&flash=false' failed: WebSocket is closed before the connection is established. @ https://sbxkedebah-v2.npontu.com/build/assets/app-BQac9LSS.js:7
[29607865ms] [WARNING] WebSocket connection to 'wss://sbx-notify.kedebahlite.com:4444/app/wwypulxmt0gisyx9bav4?protocol=7&client=js&version=8.4.0&flash=false' failed: WebSocket is closed before the connection is established. @ https://sbxkedebah-v2.npontu.com/build/assets/app-BQac9LSS.js:7
[29667874ms] [WARNING] WebSocket connection to 'wss://sbx-notify.kedebahlite.com:4444/app/wwypulxmt0gisyx9bav4?protocol=7&client=js&version=8.4.0&flash=false' failed: WebSocket is closed before the connection is established. @ https://sbxkedebah-v2.npontu.com/build/assets/app-BQac9LSS.js:7
[29727877ms] [WARNING] WebSocket connection to 'wss://sbx-notify.kedebahlite.com:4444/app/wwypulxmt0gisyx9bav4?protocol=7&client=js&version=8.4.0&flash=false' failed: WebSocket is closed before the connection is established. @ https://sbxkedebah-v2.npontu.com/build/assets/app-BQac9LSS.js:7
[29787887ms] [WARNING] WebSocket connection to 'wss://sbx-notify.kedebahlite.com:4444/app/wwypulxmt0gisyx9bav4?protocol=7&client=js&version=8.4.0&flash=false' failed: WebSocket is closed before the connection is established. @ https://sbxkedebah-v2.npontu.com/build/assets/app-BQac9LSS.js:7
[29847893ms] [WARNING] WebSocket connection to 'wss://sbx-notify.kedebahlite.com:4444/app/wwypulxmt0gisyx9bav4?protocol=7&client=js&version=8.4.0&flash=false' failed: WebSocket is closed before the connection is established. @ https://sbxkedebah-v2.npontu.com/build/assets/app-BQac9LSS.js:7
[29907897ms] [WARNING] WebSocket connection to 'wss://sbx-notify.kedebahlite.com:4444/app/wwypulxmt0gisyx9bav4?protocol=7&client=js&version=8.4.0&flash=false' failed: WebSocket is closed before the connection is established. @ https://sbxkedebah-v2.npontu.com/build/assets/app-BQac9LSS.js:7
[29967899ms] [WARNING] WebSocket connection to 'wss://sbx-notify.kedebahlite.com:4444/app/wwypulxmt0gisyx9bav4?protocol=7&client=js&version=8.4.0&flash=false' failed: WebSocket is closed before the connection is established. @ https://sbxkedebah-v2.npontu.com/build/assets/app-BQac9LSS.js:7
[30027903ms] [WARNING] WebSocket connection to 'wss://sbx-notify.kedebahlite.com:4444/app/wwypulxmt0gisyx9bav4?protocol=7&client=js&version=8.4.0&flash=false' failed: WebSocket is closed before the connection is established. @ https://sbxkedebah-v2.npontu.com/build/assets/app-BQac9LSS.js:7
[30087904ms] [WARNING] WebSocket connection to 'wss://sbx-notify.kedebahlite.com:4444/app/wwypulxmt0gisyx9bav4?protocol=7&client=js&version=8.4.0&flash=false' failed: WebSocket is closed before the connection is established. @ https://sbxkedebah-v2.npontu.com/build/assets/app-BQac9LSS.js:7
[30147906ms] [WARNING] WebSocket connection to 'wss://sbx-notify.kedebahlite.com:4444/app/wwypulxmt0gisyx9bav4?protocol=7&client=js&version=8.4.0&flash=false' failed: WebSocket is closed before the connection is established. @ https://sbxkedebah-v2.npontu.com/build/assets/app-BQac9LSS.js:7
[30207907ms] [WARNING] WebSocket connection to 'wss://sbx-notify.kedebahlite.com:4444/app/wwypulxmt0gisyx9bav4?protocol=7&client=js&version=8.4.0&flash=false' failed: WebSocket is closed before the connection is established. @ https://sbxkedebah-v2.npontu.com/build/assets/app-BQac9LSS.js:7
[30267908ms] [WARNING] WebSocket connection to 'wss://sbx-notify.kedebahlite.com:4444/app/wwypulxmt0gisyx9bav4?protocol=7&client=js&version=8.4.0&flash=false' failed: WebSocket is closed before the connection is established. @ https://sbxkedebah-v2.npontu.com/build/assets/app-BQac9LSS.js:7
[30327908ms] [WARNING] WebSocket connection to 'wss://sbx-notify.kedebahlite.com:4444/app/wwypulxmt0gisyx9bav4?protocol=7&client=js&version=8.4.0&flash=false' failed: WebSocket is closed before the connection is established. @ https://sbxkedebah-v2.npontu.com/build/assets/app-BQac9LSS.js:7
[30387913ms] [WARNING] WebSocket connection to 'wss://sbx-notify.kedebahlite.com:4444/app/wwypulxmt0gisyx9bav4?protocol=7&client=js&version=8.4.0&flash=false' failed: WebSocket is closed before the connection is established. @ https://sbxkedebah-v2.npontu.com/build/assets/app-BQac9LSS.js:7
[30447915ms] [WARNING] WebSocket connection to 'wss://sbx-notify.kedebahlite.com:4444/app/wwypulxmt0gisyx9bav4?protocol=7&client=js&version=8.4.0&flash=false' failed: WebSocket is closed before the connection is established. @ https://sbxkedebah-v2.npontu.com/build/assets/app-BQac9LSS.js:7
[30507917ms] [WARNING] WebSocket connection to 'wss://sbx-notify.kedebahlite.com:4444/app/wwypulxmt0gisyx9bav4?protocol=7&client=js&version=8.4.0&flash=false' failed: WebSocket is closed before the connection is established. @ https://sbxkedebah-v2.npontu.com/build/assets/app-BQac9LSS.js:7
[30567918ms] [WARNING] WebSocket connection to 'wss://sbx-notify.kedebahlite.com:4444/app/wwypulxmt0gisyx9bav4?protocol=7&client=js&version=8.4.0&flash=false' failed: WebSocket is closed before the connection is established. @ https://sbxkedebah-v2.npontu.com/build/assets/app-BQac9LSS.js:7
[30627919ms] [WARNING] WebSocket connection to 'wss://sbx-notify.kedebahlite.com:4444/app/wwypulxmt0gisyx9bav4?protocol=7&client=js&version=8.4.0&flash=false' failed: WebSocket is closed before the connection is established. @ https://sbxkedebah-v2.npontu.com/build/assets/app-BQac9LSS.js:7
[30687925ms] [WARNING] WebSocket connection to 'wss://sbx-notify.kedebahlite.com:4444/app/wwypulxmt0gisyx9bav4?protocol=7&client=js&version=8.4.0&flash=false' failed: WebSocket is closed before the connection is established. @ https://sbxkedebah-v2.npontu.com/build/assets/app-BQac9LSS.js:7
[30747928ms] [WARNING] WebSocket connection to 'wss://sbx-notify.kedebahlite.com:4444/app/wwypulxmt0gisyx9bav4?protocol=7&client=js&version=8.4.0&flash=false' failed: WebSocket is closed before the connection is established. @ https://sbxkedebah-v2.npontu.com/build/assets/app-BQac9LSS.js:7
[30807934ms] [WARNING] WebSocket connection to 'wss://sbx-notify.kedebahlite.com:4444/app/wwypulxmt0gisyx9bav4?protocol=7&client=js&version=8.4.0&flash=false' failed: WebSocket is closed before the connection is established. @ https://sbxkedebah-v2.npontu.com/build/assets/app-BQac9LSS.js:7
[30867936ms] [WARNING] WebSocket connection to 'wss://sbx-notify.kedebahlite.com:4444/app/wwypulxmt0gisyx9bav4?protocol=7&client=js&version=8.4.0&flash=false' failed: WebSocket is closed before the connection is established. @ https://sbxkedebah-v2.npontu.com/build/assets/app-BQac9LSS.js:7
[30927939ms] [WARNING] WebSocket connection to 'wss://sbx-notify.kedebahlite.com:4444/app/wwypulxmt0gisyx9bav4?protocol=7&client=js&version=8.4.0&flash=false' failed: WebSocket is closed before the connection is established. @ https://sbxkedebah-v2.npontu.com/build/assets/app-BQac9LSS.js:7
[30987940ms] [WARNING] WebSocket connection to 'wss://sbx-notify.kedebahlite.com:4444/app/wwypulxmt0gisyx9bav4?protocol=7&client=js&version=8.4.0&flash=false' failed: WebSocket is closed before the connection is established. @ https://sbxkedebah-v2.npontu.com/build/assets/app-BQac9LSS.js:7
[31017864ms] [ERROR] WebSocket connection to 'wss://sbx-notify.kedebahlite.com:4444/app/wwypulxmt0gisyx9bav4?protocol=7&client=js&version=8.4.0&flash=false' failed: Error in connection establishment: net::ERR_NETWORK_IO_SUSPENDED @ https://sbxkedebah-v2.npontu.com/build/assets/app-BQac9LSS.js:8
[31028044ms] [ERROR] WebSocket connection to 'wss://sbx-notify.kedebahlite.com:4444/app/wwypulxmt0gisyx9bav4?protocol=7&client=js&version=8.4.0&flash=false' failed: Error in connection establishment: net::ERR_NETWORK_IO_SUSPENDED @ https://sbxkedebah-v2.npontu.com/build/assets/app-BQac9LSS.js:8
[31045516ms] [WARNING] WebSocket connection to 'wss://sbx-notify.kedebahlite.com:4444/app/wwypulxmt0gisyx9bav4?protocol=7&client=js&version=8.4.0&flash=false' failed: WebSocket is closed before the connection is established. @ https://sbxkedebah-v2.npontu.com/build/assets/app-BQac9LSS.js:7
[32090910ms] [WARNING] WebSocket connection to 'wss://sbx-notify.kedebahlite.com:4444/app/wwypulxmt0gisyx9bav4?protocol=7&client=js&version=8.4.0&flash=false' failed: WebSocket is closed before the connection is established. @ https://sbxkedebah-v2.npontu.com/build/assets/app-BQac9LSS.js:7
[32150917ms] [WARNING] WebSocket connection to 'wss://sbx-notify.kedebahlite.com:4444/app/wwypulxmt0gisyx9bav4?protocol=7&client=js&version=8.4.0&flash=false' failed: WebSocket is closed before the connection is established. @ https://sbxkedebah-v2.npontu.com/build/assets/app-BQac9LSS.js:7
[32233473ms] [WARNING] WebSocket connection to 'wss://sbx-notify.kedebahlite.com:4444/app/wwypulxmt0gisyx9bav4?protocol=7&client=js&version=8.4.0&flash=false' failed: WebSocket is closed before the connection is established. @ https://sbxkedebah-v2.npontu.com/build/assets/app-BQac9LSS.js:7
[32248477ms] [WARNING] WebSocket connection to 'wss://sbx-notify.kedebahlite.com:4444/app/wwypulxmt0gisyx9bav4?protocol=7&client=js&version=8.4.0&flash=false' failed: WebSocket is closed before the connection is established. @ https://sbxkedebah-v2.npontu.com/build/assets/app-BQac9LSS.js:7
[32287430ms] [WARNING] WebSocket connection to 'wss://sbx-notify.kedebahlite.com:4444/app/wwypulxmt0gisyx9bav4?protocol=7&client=js&version=8.4.0&flash=false' failed: WebSocket is closed before the connection is established. @ https://sbxkedebah-v2.npontu.com/build/assets/app-BQac9LSS.js:7
[32376716ms] [WARNING] WebSocket connection to 'wss://sbx-notify.kedebahlite.com:4444/app/wwypulxmt0gisyx9bav4?protocol=7&client=js&version=8.4.0&flash=false' failed: WebSocket is closed before the connection is established. @ https://sbxkedebah-v2.npontu.com/build/assets/app-BQac9LSS.js:7
[32487853ms] [WARNING] WebSocket connection to 'wss://sbx-notify.kedebahlite.com:4444/app/wwypulxmt0gisyx9bav4?protocol=7&client=js&version=8.4.0&flash=false' failed: WebSocket is closed before the connection is established. @ https://sbxkedebah-v2.npontu.com/build/assets/app-BQac9LSS.js:7
[32502858ms] [WARNING] WebSocket connection to 'wss://sbx-notify.kedebahlite.com:4444/app/wwypulxmt0gisyx9bav4?protocol=7&client=js&version=8.4.0&flash=false' failed: WebSocket is closed before the connection is established. @ https://sbxkedebah-v2.npontu.com/build/assets/app-BQac9LSS.js:7
[33118404ms] [WARNING] WebSocket connection to 'wss://sbx-notify.kedebahlite.com:4444/app/wwypulxmt0gisyx9bav4?protocol=7&client=js&version=8.4.0&flash=false' failed: WebSocket is closed before the connection is established. @ https://sbxkedebah-v2.npontu.com/build/assets/app-BQac9LSS.js:7
[33129417ms] [ERROR] WebSocket connection to 'wss://sbx-notify.kedebahlite.com:4444/app/wwypulxmt0gisyx9bav4?protocol=7&client=js&version=8.4.0&flash=false' failed: Error in connection establishment: net::ERR_NETWORK_IO_SUSPENDED @ https://sbxkedebah-v2.npontu.com/build/assets/app-BQac9LSS.js:8
[34193306ms] [WARNING] WebSocket connection to 'wss://sbx-notify.kedebahlite.com:4444/app/wwypulxmt0gisyx9bav4?protocol=7&client=js&version=8.4.0&flash=false' failed: WebSocket is closed before the connection is established. @ https://sbxkedebah-v2.npontu.com/build/assets/app-BQac9LSS.js:7
[34257062ms] [WARNING] WebSocket connection to 'wss://sbx-notify.kedebahlite.com:4444/app/wwypulxmt0gisyx9bav4?protocol=7&client=js&version=8.4.0&flash=false' failed: WebSocket is closed before the connection is established. @ https://sbxkedebah-v2.npontu.com/build/assets/app-BQac9LSS.js:7
[34940920ms] [WARNING] WebSocket connection to 'wss://sbx-notify.kedebahlite.com:4444/app/wwypulxmt0gisyx9bav4?protocol=7&client=js&version=8.4.0&flash=false' failed: WebSocket is closed before the connection is established. @ https://sbxkedebah-v2.npontu.com/build/assets/app-BQac9LSS.js:7
[35040122ms] [WARNING] WebSocket connection to 'wss://sbx-notify.kedebahlite.com:4444/app/wwypulxmt0gisyx9bav4?protocol=7&client=js&version=8.4.0&flash=false' failed: WebSocket is closed before the connection is established. @ https://sbxkedebah-v2.npontu.com/build/assets/app-BQac9LSS.js:7
[35215790ms] [WARNING] WebSocket connection to 'wss://sbx-notify.kedebahlite.com:4444/app/wwypulxmt0gisyx9bav4?protocol=7&client=js&version=8.4.0&flash=false' failed: WebSocket is closed before the connection is established. @ https://sbxkedebah-v2.npontu.com/build/assets/app-BQac9LSS.js:7
[35333712ms] [WARNING] WebSocket connection to 'wss://sbx-notify.kedebahlite.com:4444/app/wwypulxmt0gisyx9bav4?protocol=7&client=js&version=8.4.0&flash=false' failed: WebSocket is closed before the connection is established. @ https://sbxkedebah-v2.npontu.com/build/assets/app-BQac9LSS.js:7
[35399849ms] [WARNING] WebSocket connection to 'wss://sbx-notify.kedebahlite.com:4444/app/wwypulxmt0gisyx9bav4?protocol=7&client=js&version=8.4.0&flash=false' failed: WebSocket is closed before the connection is established. @ https://sbxkedebah-v2.npontu.com/build/assets/app-BQac9LSS.js:7
[35962625ms] [WARNING] WebSocket connection to 'wss://sbx-notify.kedebahlite.com:4444/app/wwypulxmt0gisyx9bav4?protocol=7&client=js&version=8.4.0&flash=false' failed: WebSocket is closed before the connection is established. @ https://sbxkedebah-v2.npontu.com/build/assets/app-BQac9LSS.js:7
[36028896ms] [WARNING] WebSocket connection to 'wss://sbx-notify.kedebahlite.com:4444/app/wwypulxmt0gisyx9bav4?protocol=7&client=js&version=8.4.0&flash=false' failed: WebSocket is closed before the connection is established. @ https://sbxkedebah-v2.npontu.com/build/assets/app-BQac9LSS.js:7
[36243396ms] [WARNING] WebSocket connection to 'wss://sbx-notify.kedebahlite.com:4444/app/wwypulxmt0gisyx9bav4?protocol=7&client=js&version=8.4.0&flash=false' failed: WebSocket is closed before the connection is established. @ https://sbxkedebah-v2.npontu.com/build/assets/app-BQac9LSS.js:7
[36303807ms] [WARNING] WebSocket connection to 'wss://sbx-notify.kedebahlite.com:4444/app/wwypulxmt0gisyx9bav4?protocol=7&client=js&version=8.4.0&flash=false' failed: WebSocket is closed before the connection is established. @ https://sbxkedebah-v2.npontu.com/build/assets/app-BQac9LSS.js:7
[36501800ms] [WARNING] WebSocket connection to 'wss://sbx-notify.kedebahlite.com:4444/app/wwypulxmt0gisyx9bav4?protocol=7&client=js&version=8.4.0&flash=false' failed: WebSocket is closed before the connection is established. @ https://sbxkedebah-v2.npontu.com/build/assets/app-BQac9LSS.js:7
[36878572ms] [WARNING] WebSocket connection to 'wss://sbx-notify.kedebahlite.com:4444/app/wwypulxmt0gisyx9bav4?protocol=7&client=js&version=8.4.0&flash=false' failed: WebSocket is closed before the connection is established. @ https://sbxkedebah-v2.npontu.com/build/assets/app-BQac9LSS.js:7
[36962924ms] [WARNING] WebSocket connection to 'wss://sbx-notify.kedebahlite.com:4444/app/wwypulxmt0gisyx9bav4?protocol=7&client=js&version=8.4.0&flash=false' failed: WebSocket is closed before the connection is established. @ https://sbxkedebah-v2.npontu.com/build/assets/app-BQac9LSS.js:7
[36962932ms] [ERROR] WebSocket connection to 'wss://sbx-notify.kedebahlite.com:4444/app/wwypulxmt0gisyx9bav4?protocol=7&client=js&version=8.4.0&flash=false' failed: Error in connection establishment: net::ERR_INTERNET_DISCONNECTED @ https://sbxkedebah-v2.npontu.com/build/assets/app-BQac9LSS.js:8
[38310752ms] [ERROR] WebSocket connection to 'wss://sbx-notify.kedebahlite.com:4444/app/wwypulxmt0gisyx9bav4?protocol=7&client=js&version=8.4.0&flash=false' failed: Error in connection establishment: net::ERR_INTERNET_DISCONNECTED @ https://sbxkedebah-v2.npontu.com/build/assets/app-BQac9LSS.js:8
[41727220ms] [WARNING] WebSocket connection to 'wss://sbx-notify.kedebahlite.com:4444/app/wwypulxmt0gisyx9bav4?protocol=7&client=js&version=8.4.0&flash=false' failed: WebSocket is closed before the connection is established. @ https://sbxkedebah-v2.npontu.com/build/assets/app-BQac9LSS.js:7
[41772192ms] [WARNING] WebSocket connection to 'wss://sbx-notify.kedebahlite.com:4444/app/wwypulxmt0gisyx9bav4?protocol=7&client=js&version=8.4.0&flash=false' failed: WebSocket is closed before the connection is established. @ https://sbxkedebah-v2.npontu.com/build/assets/app-BQac9LSS.js:7
[41902638ms] [WARNING] WebSocket connection to 'wss://sbx-notify.kedebahlite.com:4444/app/wwypulxmt0gisyx9bav4?protocol=7&client=js&version=8.4.0&flash=false' failed: WebSocket is closed before the connection is established. @ https://sbxkedebah-v2.npontu.com/build/assets/app-BQac9LSS.js:7
[41917647ms] [WARNING] WebSocket connection to 'wss://sbx-notify.kedebahlite.com:4444/app/wwypulxmt0gisyx9bav4?protocol=7&client=js&version=8.4.0&flash=false' failed: WebSocket is closed before the connection is established. @ https://sbxkedebah-v2.npontu.com/build/assets/app-BQac9LSS.js:7
[42227518ms] [WARNING] WebSocket connection to 'wss://sbx-notify.kedebahlite.com:4444/app/wwypulxmt0gisyx9bav4?protocol=7&client=js&version=8.4.0&flash=false' failed: WebSocket is closed before the connection is established. @ https://sbxkedebah-v2.npontu.com/build/assets/app-BQac9LSS.js:7
[42227544ms] [ERROR] WebSocket connection to 'wss://sbx-notify.kedebahlite.com:4444/app/wwypulxmt0gisyx9bav4?protocol=7&client=js&version=8.4.0&flash=false' failed: Error in connection establishment: net::ERR_INTERNET_DISCONNECTED @ https://sbxkedebah-v2.npontu.com/build/assets/app-BQac9LSS.js:8
[43087666ms] [WARNING] WebSocket connection to 'wss://sbx-notify.kedebahlite.com:4444/app/wwypulxmt0gisyx9bav4?protocol=7&client=js&version=8.4.0&flash=false' failed: WebSocket is closed before the connection is established. @ https://sbxkedebah-v2.npontu.com/build/assets/app-BQac9LSS.js:7
[43172292ms] [WARNING] WebSocket connection to 'wss://sbx-notify.kedebahlite.com:4444/app/wwypulxmt0gisyx9bav4?protocol=7&client=js&version=8.4.0&flash=false' failed: WebSocket is closed before the connection is established. @ https://sbxkedebah-v2.npontu.com/build/assets/app-BQac9LSS.js:7
[43244894ms] [WARNING] WebSocket connection to 'wss://sbx-notify.kedebahlite.com:4444/app/wwypulxmt0gisyx9bav4?protocol=7&client=js&version=8.4.0&flash=false' failed: WebSocket is closed before the connection is established. @ https://sbxkedebah-v2.npontu.com/build/assets/app-BQac9LSS.js:7
[43256482ms] [ERROR] WebSocket connection to 'wss://sbx-notify.kedebahlite.com:4444/app/wwypulxmt0gisyx9bav4?protocol=7&client=js&version=8.4.0&flash=false' failed: Error in connection establishment: net::ERR_NETWORK_IO_SUSPENDED @ https://sbxkedebah-v2.npontu.com/build/assets/app-BQac9LSS.js:8
[43398079ms] [WARNING] WebSocket connection to 'wss://sbx-notify.kedebahlite.com:4444/app/wwypulxmt0gisyx9bav4?protocol=7&client=js&version=8.4.0&flash=false' failed: WebSocket is closed before the connection is established. @ https://sbxkedebah-v2.npontu.com/build/assets/app-BQac9LSS.js:7
[43503350ms] [WARNING] WebSocket connection to 'wss://sbx-notify.kedebahlite.com:4444/app/wwypulxmt0gisyx9bav4?protocol=7&client=js&version=8.4.0&flash=false' failed: WebSocket is closed before the connection is established. @ https://sbxkedebah-v2.npontu.com/build/assets/app-BQac9LSS.js:7
[43575404ms] [WARNING] WebSocket connection to 'wss://sbx-notify.kedebahlite.com:4444/app/wwypulxmt0gisyx9bav4?protocol=7&client=js&version=8.4.0&flash=false' failed: WebSocket is closed before the connection is established. @ https://sbxkedebah-v2.npontu.com/build/assets/app-BQac9LSS.js:7
[43640038ms] [WARNING] WebSocket connection to 'wss://sbx-notify.kedebahlite.com:4444/app/wwypulxmt0gisyx9bav4?protocol=7&client=js&version=8.4.0&flash=false' failed: WebSocket is closed before the connection is established. @ https://sbxkedebah-v2.npontu.com/build/assets/app-BQac9LSS.js:7
[43712706ms] [WARNING] WebSocket connection to 'wss://sbx-notify.kedebahlite.com:4444/app/wwypulxmt0gisyx9bav4?protocol=7&client=js&version=8.4.0&flash=false' failed: WebSocket is closed before the connection is established. @ https://sbxkedebah-v2.npontu.com/build/assets/app-BQac9LSS.js:7
[43896092ms] [WARNING] WebSocket connection to 'wss://sbx-notify.kedebahlite.com:4444/app/wwypulxmt0gisyx9bav4?protocol=7&client=js&version=8.4.0&flash=false' failed: WebSocket is closed before the connection is established. @ https://sbxkedebah-v2.npontu.com/build/assets/app-BQac9LSS.js:7
[43993160ms] [WARNING] WebSocket connection to 'wss://sbx-notify.kedebahlite.com:4444/app/wwypulxmt0gisyx9bav4?protocol=7&client=js&version=8.4.0&flash=false' failed: WebSocket is closed before the connection is established. @ https://sbxkedebah-v2.npontu.com/build/assets/app-BQac9LSS.js:7
[44058816ms] [WARNING] WebSocket connection to 'wss://sbx-notify.kedebahlite.com:4444/app/wwypulxmt0gisyx9bav4?protocol=7&client=js&version=8.4.0&flash=false' failed: WebSocket is closed before the connection is established. @ https://sbxkedebah-v2.npontu.com/build/assets/app-BQac9LSS.js:7
[44372839ms] [WARNING] WebSocket connection to 'wss://sbx-notify.kedebahlite.com:4444/app/wwypulxmt0gisyx9bav4?protocol=7&client=js&version=8.4.0&flash=false' failed: WebSocket is closed before the connection is established. @ https://sbxkedebah-v2.npontu.com/build/assets/app-BQac9LSS.js:7
[44764130ms] [ERROR] WebSocket connection to 'wss://sbx-notify.kedebahlite.com:4444/app/wwypulxmt0gisyx9bav4?protocol=7&client=js&version=8.4.0&flash=false' failed: Error in connection establishment: net::ERR_NETWORK_IO_SUSPENDED @ https://sbxkedebah-v2.npontu.com/build/assets/app-BQac9LSS.js:8
[44899907ms] [WARNING] WebSocket connection to 'wss://sbx-notify.kedebahlite.com:4444/app/wwypulxmt0gisyx9bav4?protocol=7&client=js&version=8.4.0&flash=false' failed: WebSocket is closed before the connection is established. @ https://sbxkedebah-v2.npontu.com/build/assets/app-BQac9LSS.js:7
[45591406ms] [WARNING] WebSocket connection to 'wss://sbx-notify.kedebahlite.com:4444/app/wwypulxmt0gisyx9bav4?protocol=7&client=js&version=8.4.0&flash=false' failed: WebSocket is closed before the connection is established. @ https://sbxkedebah-v2.npontu.com/build/assets/app-BQac9LSS.js:7
[46037868ms] [WARNING] WebSocket connection to 'wss://sbx-notify.kedebahlite.com:4444/app/wwypulxmt0gisyx9bav4?protocol=7&client=js&version=8.4.0&flash=false' failed: WebSocket is closed before the connection is established. @ https://sbxkedebah-v2.npontu.com/build/assets/app-BQac9LSS.js:7
[47004186ms] [WARNING] WebSocket connection to 'wss://sbx-notify.kedebahlite.com:4444/app/wwypulxmt0gisyx9bav4?protocol=7&client=js&version=8.4.0&flash=false' failed: WebSocket is closed before the connection is established. @ https://sbxkedebah-v2.npontu.com/build/assets/app-BQac9LSS.js:7
[47064194ms] [WARNING] WebSocket connection to 'wss://sbx-notify.kedebahlite.com:4444/app/wwypulxmt0gisyx9bav4?protocol=7&client=js&version=8.4.0&flash=false' failed: WebSocket is closed before the connection is established. @ https://sbxkedebah-v2.npontu.com/build/assets/app-BQac9LSS.js:7
[47124196ms] [WARNING] WebSocket connection to 'wss://sbx-notify.kedebahlite.com:4444/app/wwypulxmt0gisyx9bav4?protocol=7&client=js&version=8.4.0&flash=false' failed: WebSocket is closed before the connection is established. @ https://sbxkedebah-v2.npontu.com/build/assets/app-BQac9LSS.js:7
[47184199ms] [WARNING] WebSocket connection to 'wss://sbx-notify.kedebahlite.com:4444/app/wwypulxmt0gisyx9bav4?protocol=7&client=js&version=8.4.0&flash=false' failed: WebSocket is closed before the connection is established. @ https://sbxkedebah-v2.npontu.com/build/assets/app-BQac9LSS.js:7
[47244202ms] [WARNING] WebSocket connection to 'wss://sbx-notify.kedebahlite.com:4444/app/wwypulxmt0gisyx9bav4?protocol=7&client=js&version=8.4.0&flash=false' failed: WebSocket is closed before the connection is established. @ https://sbxkedebah-v2.npontu.com/build/assets/app-BQac9LSS.js:7
[47304205ms] [WARNING] WebSocket connection to 'wss://sbx-notify.kedebahlite.com:4444/app/wwypulxmt0gisyx9bav4?protocol=7&client=js&version=8.4.0&flash=false' failed: WebSocket is closed before the connection is established. @ https://sbxkedebah-v2.npontu.com/build/assets/app-BQac9LSS.js:7
[47364206ms] [WARNING] WebSocket connection to 'wss://sbx-notify.kedebahlite.com:4444/app/wwypulxmt0gisyx9bav4?protocol=7&client=js&version=8.4.0&flash=false' failed: WebSocket is closed before the connection is established. @ https://sbxkedebah-v2.npontu.com/build/assets/app-BQac9LSS.js:7
[47424206ms] [WARNING] WebSocket connection to 'wss://sbx-notify.kedebahlite.com:4444/app/wwypulxmt0gisyx9bav4?protocol=7&client=js&version=8.4.0&flash=false' failed: WebSocket is closed before the connection is established. @ https://sbxkedebah-v2.npontu.com/build/assets/app-BQac9LSS.js:7
[47484207ms] [WARNING] WebSocket connection to 'wss://sbx-notify.kedebahlite.com:4444/app/wwypulxmt0gisyx9bav4?protocol=7&client=js&version=8.4.0&flash=false' failed: WebSocket is closed before the connection is established. @ https://sbxkedebah-v2.npontu.com/build/assets/app-BQac9LSS.js:7
[47544208ms] [WARNING] WebSocket connection to 'wss://sbx-notify.kedebahlite.com:4444/app/wwypulxmt0gisyx9bav4?protocol=7&client=js&version=8.4.0&flash=false' failed: WebSocket is closed before the connection is established. @ https://sbxkedebah-v2.npontu.com/build/assets/app-BQac9LSS.js:7
[47604208ms] [WARNING] WebSocket connection to 'wss://sbx-notify.kedebahlite.com:4444/app/wwypulxmt0gisyx9bav4?protocol=7&client=js&version=8.4.0&flash=false' failed: WebSocket is closed before the connection is established. @ https://sbxkedebah-v2.npontu.com/build/assets/app-BQac9LSS.js:7
[47664210ms] [WARNING] WebSocket connection to 'wss://sbx-notify.kedebahlite.com:4444/app/wwypulxmt0gisyx9bav4?protocol=7&client=js&version=8.4.0&flash=false' failed: WebSocket is closed before the connection is established. @ https://sbxkedebah-v2.npontu.com/build/assets/app-BQac9LSS.js:7
[47724217ms] [WARNING] WebSocket connection to 'wss://sbx-notify.kedebahlite.com:4444/app/wwypulxmt0gisyx9bav4?protocol=7&client=js&version=8.4.0&flash=false' failed: WebSocket is closed before the connection is established. @ https://sbxkedebah-v2.npontu.com/build/assets/app-BQac9LSS.js:7
[47784220ms] [WARNING] WebSocket connection to 'wss://sbx-notify.kedebahlite.com:4444/app/wwypulxmt0gisyx9bav4?protocol=7&client=js&version=8.4.0&flash=false' failed: WebSocket is closed before the connection is established. @ https://sbxkedebah-v2.npontu.com/build/assets/app-BQac9LSS.js:7
[47844235ms] [WARNING] WebSocket connection to 'wss://sbx-notify.kedebahlite.com:4444/app/wwypulxmt0gisyx9bav4?protocol=7&client=js&version=8.4.0&flash=false' failed: WebSocket is closed before the connection is established. @ https://sbxkedebah-v2.npontu.com/build/assets/app-BQac9LSS.js:7
[47904247ms] [WARNING] WebSocket connection to 'wss://sbx-notify.kedebahlite.com:4444/app/wwypulxmt0gisyx9bav4?protocol=7&client=js&version=8.4.0&flash=false' failed: WebSocket is closed before the connection is established. @ https://sbxkedebah-v2.npontu.com/build/assets/app-BQac9LSS.js:7
[47964258ms] [WARNING] WebSocket connection to 'wss://sbx-notify.kedebahlite.com:4444/app/wwypulxmt0gisyx9bav4?protocol=7&client=js&version=8.4.0&flash=false' failed: WebSocket is closed before the connection is established. @ https://sbxkedebah-v2.npontu.com/build/assets/app-BQac9LSS.js:7
[48024276ms] [WARNING] WebSocket connection to 'wss://sbx-notify.kedebahlite.com:4444/app/wwypulxmt0gisyx9bav4?protocol=7&client=js&version=8.4.0&flash=false' failed: WebSocket is closed before the connection is established. @ https://sbxkedebah-v2.npontu.com/build/assets/app-BQac9LSS.js:7
[48084287ms] [WARNING] WebSocket connection to 'wss://sbx-notify.kedebahlite.com:4444/app/wwypulxmt0gisyx9bav4?protocol=7&client=js&version=8.4.0&flash=false' failed: WebSocket is closed before the connection is established. @ https://sbxkedebah-v2.npontu.com/build/assets/app-BQac9LSS.js:7
[48144292ms] [WARNING] WebSocket connection to 'wss://sbx-notify.kedebahlite.com:4444/app/wwypulxmt0gisyx9bav4?protocol=7&client=js&version=8.4.0&flash=false' failed: WebSocket is closed before the connection is established. @ https://sbxkedebah-v2.npontu.com/build/assets/app-BQac9LSS.js:7
[48204301ms] [WARNING] WebSocket connection to 'wss://sbx-notify.kedebahlite.com:4444/app/wwypulxmt0gisyx9bav4?protocol=7&client=js&version=8.4.0&flash=false' failed: WebSocket is closed before the connection is established. @ https://sbxkedebah-v2.npontu.com/build/assets/app-BQac9LSS.js:7
[48264302ms] [WARNING] WebSocket connection to 'wss://sbx-notify.kedebahlite.com:4444/app/wwypulxmt0gisyx9bav4?protocol=7&client=js&version=8.4.0&flash=false' failed: WebSocket is closed before the connection is established. @ https://sbxkedebah-v2.npontu.com/build/assets/app-BQac9LSS.js:7
[48324303ms] [WARNING] WebSocket connection to 'wss://sbx-notify.kedebahlite.com:4444/app/wwypulxmt0gisyx9bav4?protocol=7&client=js&version=8.4.0&flash=false' failed: WebSocket is closed before the connection is established. @ https://sbxkedebah-v2.npontu.com/build/assets/app-BQac9LSS.js:7
[48384307ms] [WARNING] WebSocket connection to 'wss://sbx-notify.kedebahlite.com:4444/app/wwypulxmt0gisyx9bav4?protocol=7&client=js&version=8.4.0&flash=false' failed: WebSocket is closed before the connection is established. @ https://sbxkedebah-v2.npontu.com/build/assets/app-BQac9LSS.js:7
[48444309ms] [WARNING] WebSocket connection to 'wss://sbx-notify.kedebahlite.com:4444/app/wwypulxmt0gisyx9bav4?protocol=7&client=js&version=8.4.0&flash=false' failed: WebSocket is closed before the connection is established. @ https://sbxkedebah-v2.npontu.com/build/assets/app-BQac9LSS.js:7
[48504310ms] [WARNING] WebSocket connection to 'wss://sbx-notify.kedebahlite.com:4444/app/wwypulxmt0gisyx9bav4?protocol=7&client=js&version=8.4.0&flash=false' failed: WebSocket is closed before the connection is established. @ https://sbxkedebah-v2.npontu.com/build/assets/app-BQac9LSS.js:7
[48564311ms] [WARNING] WebSocket connection to 'wss://sbx-notify.kedebahlite.com:4444/app/wwypulxmt0gisyx9bav4?protocol=7&client=js&version=8.4.0&flash=false' failed: WebSocket is closed before the connection is established. @ https://sbxkedebah-v2.npontu.com/build/assets/app-BQac9LSS.js:7
[48624312ms] [WARNING] WebSocket connection to 'wss://sbx-notify.kedebahlite.com:4444/app/wwypulxmt0gisyx9bav4?protocol=7&client=js&version=8.4.0&flash=false' failed: WebSocket is closed before the connection is established. @ https://sbxkedebah-v2.npontu.com/build/assets/app-BQac9LSS.js:7
[48684314ms] [WARNING] WebSocket connection to 'wss://sbx-notify.kedebahlite.com:4444/app/wwypulxmt0gisyx9bav4?protocol=7&client=js&version=8.4.0&flash=false' failed: WebSocket is closed before the connection is established. @ https://sbxkedebah-v2.npontu.com/build/assets/app-BQac9LSS.js:7
[48744315ms] [WARNING] WebSocket connection to 'wss://sbx-notify.kedebahlite.com:4444/app/wwypulxmt0gisyx9bav4?protocol=7&client=js&version=8.4.0&flash=false' failed: WebSocket is closed before the connection is established. @ https://sbxkedebah-v2.npontu.com/build/assets/app-BQac9LSS.js:7
[48751532ms] [ERROR] WebSocket connection to 'wss://sbx-notify.kedebahlite.com:4444/app/wwypulxmt0gisyx9bav4?protocol=7&client=js&version=8.4.0&flash=false' failed: Error in connection establishment: net::ERR_NETWORK_IO_SUSPENDED @ https://sbxkedebah-v2.npontu.com/build/assets/app-BQac9LSS.js:8
[50705357ms] [WARNING] WebSocket connection to 'wss://sbx-notify.kedebahlite.com:4444/app/wwypulxmt0gisyx9bav4?protocol=7&client=js&version=8.4.0&flash=false' failed: WebSocket is closed before the connection is established. @ https://sbxkedebah-v2.npontu.com/build/assets/app-BQac9LSS.js:7
[53777055ms] [WARNING] WebSocket connection to 'wss://sbx-notify.kedebahlite.com:4444/app/wwypulxmt0gisyx9bav4?protocol=7&client=js&version=8.4.0&flash=false' failed: WebSocket is closed before the connection is established. @ https://sbxkedebah-v2.npontu.com/build/assets/app-BQac9LSS.js:7
[56029664ms] [WARNING] WebSocket connection to 'wss://sbx-notify.kedebahlite.com:4444/app/wwypulxmt0gisyx9bav4?protocol=7&client=js&version=8.4.0&flash=false' failed: WebSocket is closed before the connection is established. @ https://sbxkedebah-v2.npontu.com/build/assets/app-BQac9LSS.js:7
[56559713ms] [WARNING] WebSocket connection to 'wss://sbx-notify.kedebahlite.com:4444/app/wwypulxmt0gisyx9bav4?protocol=7&client=js&version=8.4.0&flash=false' failed: WebSocket is closed before the connection is established. @ https://sbxkedebah-v2.npontu.com/build/assets/app-BQac9LSS.js:7
[57658908ms] [WARNING] WebSocket connection to 'wss://sbx-notify.kedebahlite.com:4444/app/wwypulxmt0gisyx9bav4?protocol=7&client=js&version=8.4.0&flash=false' failed: WebSocket is closed before the connection is established. @ https://sbxkedebah-v2.npontu.com/build/assets/app-BQac9LSS.js:7
[60494088ms] [ERROR] WebSocket connection to 'wss://sbx-notify.kedebahlite.com:4444/app/wwypulxmt0gisyx9bav4?protocol=7&client=js&version=8.4.0&flash=false' failed: Error in connection establishment: net::ERR_CONNECTION_TIMED_OUT @ https://sbxkedebah-v2.npontu.com/build/assets/app-BQac9LSS.js:8
[61486659ms] [WARNING] WebSocket connection to 'wss://sbx-notify.kedebahlite.com:4444/app/wwypulxmt0gisyx9bav4?protocol=7&client=js&version=8.4.0&flash=false' failed: WebSocket is closed before the connection is established. @ https://sbxkedebah-v2.npontu.com/build/assets/app-BQac9LSS.js:7
[61546665ms] [WARNING] WebSocket connection to 'wss://sbx-notify.kedebahlite.com:4444/app/wwypulxmt0gisyx9bav4?protocol=7&client=js&version=8.4.0&flash=false' failed: WebSocket is closed before the connection is established. @ https://sbxkedebah-v2.npontu.com/build/assets/app-BQac9LSS.js:7
[63315399ms] [WARNING] WebSocket connection to 'wss://sbx-notify.kedebahlite.com:4444/app/wwypulxmt0gisyx9bav4?protocol=7&client=js&version=8.4.0&flash=false' failed: WebSocket is closed before the connection is established. @ https://sbxkedebah-v2.npontu.com/build/assets/app-BQac9LSS.js:7
[63694668ms] [ERROR] WebSocket connection to 'wss://sbx-notify.kedebahlite.com:4444/app/wwypulxmt0gisyx9bav4?protocol=7&client=js&version=8.4.0&flash=false' failed: Error in connection establishment: net::ERR_NETWORK_IO_SUSPENDED @ https://sbxkedebah-v2.npontu.com/build/assets/app-BQac9LSS.js:8
[63759762ms] [ERROR] WebSocket connection to 'wss://sbx-notify.kedebahlite.com:4444/app/wwypulxmt0gisyx9bav4?protocol=7&client=js&version=8.4.0&flash=false' failed: Error in connection establishment: net::ERR_NETWORK_IO_SUSPENDED @ https://sbxkedebah-v2.npontu.com/build/assets/app-BQac9LSS.js:8
[63832537ms] [WARNING] WebSocket connection to 'wss://sbx-notify.kedebahlite.com:4444/app/wwypulxmt0gisyx9bav4?protocol=7&client=js&version=8.4.0&flash=false' failed: WebSocket is closed before the connection is established. @ https://sbxkedebah-v2.npontu.com/build/assets/app-BQac9LSS.js:7
[64140625ms] [WARNING] WebSocket connection to 'wss://sbx-notify.kedebahlite.com:4444/app/wwypulxmt0gisyx9bav4?protocol=7&client=js&version=8.4.0&flash=false' failed: WebSocket is closed before the connection is established. @ https://sbxkedebah-v2.npontu.com/build/assets/app-BQac9LSS.js:7
[64483757ms] [WARNING] WebSocket connection to 'wss://sbx-notify.kedebahlite.com:4444/app/wwypulxmt0gisyx9bav4?protocol=7&client=js&version=8.4.0&flash=false' failed: WebSocket is closed before the connection is established. @ https://sbxkedebah-v2.npontu.com/build/assets/app-BQac9LSS.js:7
[64606360ms] [WARNING] WebSocket connection to 'wss://sbx-notify.kedebahlite.com:4444/app/wwypulxmt0gisyx9bav4?protocol=7&client=js&version=8.4.0&flash=false' failed: WebSocket is closed before the connection is established. @ https://sbxkedebah-v2.npontu.com/build/assets/app-BQac9LSS.js:7
[64606688ms] [ERROR] WebSocket connection to 'wss://sbx-notify.kedebahlite.com:4444/app/wwypulxmt0gisyx9bav4?protocol=7&client=js&version=8.4.0&flash=false' failed: Error in connection establishment: net::ERR_NETWORK_IO_SUSPENDED @ https://sbxkedebah-v2.npontu.com/build/assets/app-BQac9LSS.js:8
[66235495ms] [WARNING] WebSocket connection to 'wss://sbx-notify.kedebahlite.com:4444/app/wwypulxmt0gisyx9bav4?protocol=7&client=js&version=8.4.0&flash=false' failed: WebSocket is closed before the connection is established. @ https://sbxkedebah-v2.npontu.com/build/assets/app-BQac9LSS.js:7
[66341997ms] [WARNING] WebSocket connection to 'wss://sbx-notify.kedebahlite.com:4444/app/wwypulxmt0gisyx9bav4?protocol=7&client=js&version=8.4.0&flash=false' failed: WebSocket is closed before the connection is established. @ https://sbxkedebah-v2.npontu.com/build/assets/app-BQac9LSS.js:7
[66517089ms] [WARNING] WebSocket connection to 'wss://sbx-notify.kedebahlite.com:4444/app/wwypulxmt0gisyx9bav4?protocol=7&client=js&version=8.4.0&flash=false' failed: WebSocket is closed before the connection is established. @ https://sbxkedebah-v2.npontu.com/build/assets/app-BQac9LSS.js:7
[66585176ms] [WARNING] WebSocket connection to 'wss://sbx-notify.kedebahlite.com:4444/app/wwypulxmt0gisyx9bav4?protocol=7&client=js&version=8.4.0&flash=false' failed: WebSocket is closed before the connection is established. @ https://sbxkedebah-v2.npontu.com/build/assets/app-BQac9LSS.js:7
[66646495ms] [WARNING] WebSocket connection to 'wss://sbx-notify.kedebahlite.com:4444/app/wwypulxmt0gisyx9bav4?protocol=7&client=js&version=8.4.0&flash=false' failed: WebSocket is closed before the connection is established. @ https://sbxkedebah-v2.npontu.com/build/assets/app-BQac9LSS.js:7
[66921926ms] [WARNING] WebSocket connection to 'wss://sbx-notify.kedebahlite.com:4444/app/wwypulxmt0gisyx9bav4?protocol=7&client=js&version=8.4.0&flash=false' failed: WebSocket is closed before the connection is established. @ https://sbxkedebah-v2.npontu.com/build/assets/app-BQac9LSS.js:7
[66936947ms] [WARNING] WebSocket connection to 'wss://sbx-notify.kedebahlite.com:4444/app/wwypulxmt0gisyx9bav4?protocol=7&client=js&version=8.4.0&flash=false' failed: WebSocket is closed before the connection is established. @ https://sbxkedebah-v2.npontu.com/build/assets/app-BQac9LSS.js:7
[66966953ms] [WARNING] WebSocket connection to 'wss://sbx-notify.kedebahlite.com:4444/app/wwypulxmt0gisyx9bav4?protocol=7&client=js&version=8.4.0&flash=false' failed: WebSocket is closed before the connection is established. @ https://sbxkedebah-v2.npontu.com/build/assets/app-BQac9LSS.js:7
[67065199ms] [WARNING] WebSocket connection to 'wss://sbx-notify.kedebahlite.com:4444/app/wwypulxmt0gisyx9bav4?protocol=7&client=js&version=8.4.0&flash=false' failed: WebSocket is closed before the connection is established. @ https://sbxkedebah-v2.npontu.com/build/assets/app-BQac9LSS.js:7
[67317229ms] [WARNING] WebSocket connection to 'wss://sbx-notify.kedebahlite.com:4444/app/wwypulxmt0gisyx9bav4?protocol=7&client=js&version=8.4.0&flash=false' failed: WebSocket is closed before the connection is established. @ https://sbxkedebah-v2.npontu.com/build/assets/app-BQac9LSS.js:7
[67551294ms] [WARNING] WebSocket connection to 'wss://sbx-notify.kedebahlite.com:4444/app/wwypulxmt0gisyx9bav4?protocol=7&client=js&version=8.4.0&flash=false' failed: WebSocket is closed before the connection is established. @ https://sbxkedebah-v2.npontu.com/build/assets/app-BQac9LSS.js:7
[67614248ms] [WARNING] WebSocket connection to 'wss://sbx-notify.kedebahlite.com:4444/app/wwypulxmt0gisyx9bav4?protocol=7&client=js&version=8.4.0&flash=false' failed: WebSocket is closed before the connection is established. @ https://sbxkedebah-v2.npontu.com/build/assets/app-BQac9LSS.js:7
[67816202ms] [WARNING] WebSocket connection to 'wss://sbx-notify.kedebahlite.com:4444/app/wwypulxmt0gisyx9bav4?protocol=7&client=js&version=8.4.0&flash=false' failed: WebSocket is closed before the connection is established. @ https://sbxkedebah-v2.npontu.com/build/assets/app-BQac9LSS.js:7
[67881773ms] [WARNING] WebSocket connection to 'wss://sbx-notify.kedebahlite.com:4444/app/wwypulxmt0gisyx9bav4?protocol=7&client=js&version=8.4.0&flash=false' failed: WebSocket is closed before the connection is established. @ https://sbxkedebah-v2.npontu.com/build/assets/app-BQac9LSS.js:7
[67952216ms] [WARNING] WebSocket connection to 'wss://sbx-notify.kedebahlite.com:4444/app/wwypulxmt0gisyx9bav4?protocol=7&client=js&version=8.4.0&flash=false' failed: WebSocket is closed before the connection is established. @ https://sbxkedebah-v2.npontu.com/build/assets/app-BQac9LSS.js:7
[68018462ms] [WARNING] WebSocket connection to 'wss://sbx-notify.kedebahlite.com:4444/app/wwypulxmt0gisyx9bav4?protocol=7&client=js&version=8.4.0&flash=false' failed: WebSocket is closed before the connection is established. @ https://sbxkedebah-v2.npontu.com/build/assets/app-BQac9LSS.js:7
[68284751ms] [WARNING] WebSocket connection to 'wss://sbx-notify.kedebahlite.com:4444/app/wwypulxmt0gisyx9bav4?protocol=7&client=js&version=8.4.0&flash=false' failed: WebSocket is closed before the connection is established. @ https://sbxkedebah-v2.npontu.com/build/assets/app-BQac9LSS.js:7
[68672638ms] [WARNING] WebSocket connection to 'wss://sbx-notify.kedebahlite.com:4444/app/wwypulxmt0gisyx9bav4?protocol=7&client=js&version=8.4.0&flash=false' failed: WebSocket is closed before the connection is established. @ https://sbxkedebah-v2.npontu.com/build/assets/app-BQac9LSS.js:7
[68847828ms] [WARNING] WebSocket connection to 'wss://sbx-notify.kedebahlite.com:4444/app/wwypulxmt0gisyx9bav4?protocol=7&client=js&version=8.4.0&flash=false' failed: WebSocket is closed before the connection is established. @ https://sbxkedebah-v2.npontu.com/build/assets/app-BQac9LSS.js:7
[68961130ms] [WARNING] WebSocket connection to 'wss://sbx-notify.kedebahlite.com:4444/app/wwypulxmt0gisyx9bav4?protocol=7&client=js&version=8.4.0&flash=false' failed: WebSocket is closed before the connection is established. @ https://sbxkedebah-v2.npontu.com/build/assets/app-BQac9LSS.js:7
[69046330ms] [WARNING] WebSocket connection to 'wss://sbx-notify.kedebahlite.com:4444/app/wwypulxmt0gisyx9bav4?protocol=7&client=js&version=8.4.0&flash=false' failed: WebSocket is closed before the connection is established. @ https://sbxkedebah-v2.npontu.com/build/assets/app-BQac9LSS.js:7
[69121877ms] [WARNING] WebSocket connection to 'wss://sbx-notify.kedebahlite.com:4444/app/wwypulxmt0gisyx9bav4?protocol=7&client=js&version=8.4.0&flash=false' failed: WebSocket is closed before the connection is established. @ https://sbxkedebah-v2.npontu.com/build/assets/app-BQac9LSS.js:7
[69235335ms] [WARNING] WebSocket connection to 'wss://sbx-notify.kedebahlite.com:4444/app/wwypulxmt0gisyx9bav4?protocol=7&client=js&version=8.4.0&flash=false' failed: WebSocket is closed before the connection is established. @ https://sbxkedebah-v2.npontu.com/build/assets/app-BQac9LSS.js:7
[69591747ms] [WARNING] WebSocket connection to 'wss://sbx-notify.kedebahlite.com:4444/app/wwypulxmt0gisyx9bav4?protocol=7&client=js&version=8.4.0&flash=false' failed: WebSocket is closed before the connection is established. @ https://sbxkedebah-v2.npontu.com/build/assets/app-BQac9LSS.js:7
[69651752ms] [WARNING] WebSocket connection to 'wss://sbx-notify.kedebahlite.com:4444/app/wwypulxmt0gisyx9bav4?protocol=7&client=js&version=8.4.0&flash=false' failed: WebSocket is closed before the connection is established. @ https://sbxkedebah-v2.npontu.com/build/assets/app-BQac9LSS.js:7
[69849205ms] [WARNING] WebSocket connection to 'wss://sbx-notify.kedebahlite.com:4444/app/wwypulxmt0gisyx9bav4?protocol=7&client=js&version=8.4.0&flash=false' failed: WebSocket is closed before the connection is established. @ https://sbxkedebah-v2.npontu.com/build/assets/app-BQac9LSS.js:7
[69916066ms] [WARNING] WebSocket connection to 'wss://sbx-notify.kedebahlite.com:4444/app/wwypulxmt0gisyx9bav4?protocol=7&client=js&version=8.4.0&flash=false' failed: WebSocket is closed before the connection is established. @ https://sbxkedebah-v2.npontu.com/build/assets/app-BQac9LSS.js:7
[70286210ms] [WARNING] WebSocket connection to 'wss://sbx-notify.kedebahlite.com:4444/app/wwypulxmt0gisyx9bav4?protocol=7&client=js&version=8.4.0&flash=false' failed: WebSocket is closed before the connection is established. @ https://sbxkedebah-v2.npontu.com/build/assets/app-BQac9LSS.js:7
[70378621ms] [WARNING] WebSocket connection to 'wss://sbx-notify.kedebahlite.com:4444/app/wwypulxmt0gisyx9bav4?protocol=7&client=js&version=8.4.0&flash=false' failed: WebSocket is closed before the connection is established. @ https://sbxkedebah-v2.npontu.com/build/assets/app-BQac9LSS.js:7
[70451280ms] [WARNING] WebSocket connection to 'wss://sbx-notify.kedebahlite.com:4444/app/wwypulxmt0gisyx9bav4?protocol=7&client=js&version=8.4.0&flash=false' failed: WebSocket is closed before the connection is established. @ https://sbxkedebah-v2.npontu.com/build/assets/app-BQac9LSS.js:7
[70512980ms] [WARNING] WebSocket connection to 'wss://sbx-notify.kedebahlite.com:4444/app/wwypulxmt0gisyx9bav4?protocol=7&client=js&version=8.4.0&flash=false' failed: WebSocket is closed before the connection is established. @ https://sbxkedebah-v2.npontu.com/build/assets/app-BQac9LSS.js:7
[70617824ms] [WARNING] WebSocket connection to 'wss://sbx-notify.kedebahlite.com:4444/app/wwypulxmt0gisyx9bav4?protocol=7&client=js&version=8.4.0&flash=false' failed: WebSocket is closed before the connection is established. @ https://sbxkedebah-v2.npontu.com/build/assets/app-BQac9LSS.js:7
[70739769ms] [WARNING] WebSocket connection to 'wss://sbx-notify.kedebahlite.com:4444/app/wwypulxmt0gisyx9bav4?protocol=7&client=js&version=8.4.0&flash=false' failed: WebSocket is closed before the connection is established. @ https://sbxkedebah-v2.npontu.com/build/assets/app-BQac9LSS.js:7
[70841241ms] [WARNING] WebSocket connection to 'wss://sbx-notify.kedebahlite.com:4444/app/wwypulxmt0gisyx9bav4?protocol=7&client=js&version=8.4.0&flash=false' failed: WebSocket is closed before the connection is established. @ https://sbxkedebah-v2.npontu.com/build/assets/app-BQac9LSS.js:7
[70908451ms] [WARNING] WebSocket connection to 'wss://sbx-notify.kedebahlite.com:4444/app/wwypulxmt0gisyx9bav4?protocol=7&client=js&version=8.4.0&flash=false' failed: WebSocket is closed before the connection is established. @ https://sbxkedebah-v2.npontu.com/build/assets/app-BQac9LSS.js:7
[71023573ms] [WARNING] WebSocket connection to 'wss://sbx-notify.kedebahlite.com:4444/app/wwypulxmt0gisyx9bav4?protocol=7&client=js&version=8.4.0&flash=false' failed: WebSocket is closed before the connection is established. @ https://sbxkedebah-v2.npontu.com/build/assets/app-BQac9LSS.js:7
[71038592ms] [WARNING] WebSocket connection to 'wss://sbx-notify.kedebahlite.com:4444/app/wwypulxmt0gisyx9bav4?protocol=7&client=js&version=8.4.0&flash=false' failed: WebSocket is closed before the connection is established. @ https://sbxkedebah-v2.npontu.com/build/assets/app-BQac9LSS.js:7
[71093050ms] [WARNING] WebSocket connection to 'wss://sbx-notify.kedebahlite.com:4444/app/wwypulxmt0gisyx9bav4?protocol=7&client=js&version=8.4.0&flash=false' failed: WebSocket is closed before the connection is established. @ https://sbxkedebah-v2.npontu.com/build/assets/app-BQac9LSS.js:7
[71165017ms] [WARNING] WebSocket connection to 'wss://sbx-notify.kedebahlite.com:4444/app/wwypulxmt0gisyx9bav4?protocol=7&client=js&version=8.4.0&flash=false' failed: WebSocket is closed before the connection is established. @ https://sbxkedebah-v2.npontu.com/build/assets/app-BQac9LSS.js:7
[71677420ms] [WARNING] WebSocket connection to 'wss://sbx-notify.kedebahlite.com:4444/app/wwypulxmt0gisyx9bav4?protocol=7&client=js&version=8.4.0&flash=false' failed: WebSocket is closed before the connection is established. @ https://sbxkedebah-v2.npontu.com/build/assets/app-BQac9LSS.js:7
[71780602ms] [WARNING] WebSocket connection to 'wss://sbx-notify.kedebahlite.com:4444/app/wwypulxmt0gisyx9bav4?protocol=7&client=js&version=8.4.0&flash=false' failed: WebSocket is closed before the connection is established. @ https://sbxkedebah-v2.npontu.com/build/assets/app-BQac9LSS.js:7
[71976828ms] [WARNING] WebSocket connection to 'wss://sbx-notify.kedebahlite.com:4444/app/wwypulxmt0gisyx9bav4?protocol=7&client=js&version=8.4.0&flash=false' failed: WebSocket is closed before the connection is established. @ https://sbxkedebah-v2.npontu.com/build/assets/app-BQac9LSS.js:7
[71976835ms] [ERROR] WebSocket connection to 'wss://sbx-notify.kedebahlite.com:4444/app/wwypulxmt0gisyx9bav4?protocol=7&client=js&version=8.4.0&flash=false' failed: Error in connection establishment: net::ERR_INTERNET_DISCONNECTED @ https://sbxkedebah-v2.npontu.com/build/assets/app-BQac9LSS.js:8
[72010880ms] [WARNING] WebSocket connection to 'wss://sbx-notify.kedebahlite.com:4444/app/wwypulxmt0gisyx9bav4?protocol=7&client=js&version=8.4.0&flash=false' failed: WebSocket is closed before the connection is established. @ https://sbxkedebah-v2.npontu.com/build/assets/app-BQac9LSS.js:7
[72040883ms] [WARNING] WebSocket connection to 'wss://sbx-notify.kedebahlite.com:4444/app/wwypulxmt0gisyx9bav4?protocol=7&client=js&version=8.4.0&flash=false' failed: WebSocket is closed before the connection is established. @ https://sbxkedebah-v2.npontu.com/build/assets/app-BQac9LSS.js:7
[72116116ms] [WARNING] WebSocket connection to 'wss://sbx-notify.kedebahlite.com:4444/app/wwypulxmt0gisyx9bav4?protocol=7&client=js&version=8.4.0&flash=false' failed: WebSocket is closed before the connection is established. @ https://sbxkedebah-v2.npontu.com/build/assets/app-BQac9LSS.js:7
[72195145ms] [WARNING] WebSocket connection to 'wss://sbx-notify.kedebahlite.com:4444/app/wwypulxmt0gisyx9bav4?protocol=7&client=js&version=8.4.0&flash=false' failed: WebSocket is closed before the connection is established. @ https://sbxkedebah-v2.npontu.com/build/assets/app-BQac9LSS.js:7
[72266547ms] [WARNING] WebSocket connection to 'wss://sbx-notify.kedebahlite.com:4444/app/wwypulxmt0gisyx9bav4?protocol=7&client=js&version=8.4.0&flash=false' failed: WebSocket is closed before the connection is established. @ https://sbxkedebah-v2.npontu.com/build/assets/app-BQac9LSS.js:7
[73344696ms] [WARNING] WebSocket connection to 'wss://sbx-notify.kedebahlite.com:4444/app/wwypulxmt0gisyx9bav4?protocol=7&client=js&version=8.4.0&flash=false' failed: WebSocket is closed before the connection is established. @ https://sbxkedebah-v2.npontu.com/build/assets/app-BQac9LSS.js:7
[73493740ms] [WARNING] WebSocket connection to 'wss://sbx-notify.kedebahlite.com:4444/app/wwypulxmt0gisyx9bav4?protocol=7&client=js&version=8.4.0&flash=false' failed: WebSocket is closed before the connection is established. @ https://sbxkedebah-v2.npontu.com/build/assets/app-BQac9LSS.js:7
[74448772ms] [WARNING] WebSocket connection to 'wss://sbx-notify.kedebahlite.com:4444/app/wwypulxmt0gisyx9bav4?protocol=7&client=js&version=8.4.0&flash=false' failed: WebSocket is closed before the connection is established. @ https://sbxkedebah-v2.npontu.com/build/assets/app-BQac9LSS.js:7
[74508849ms] [WARNING] WebSocket connection to 'wss://sbx-notify.kedebahlite.com:4444/app/wwypulxmt0gisyx9bav4?protocol=7&client=js&version=8.4.0&flash=false' failed: WebSocket is closed before the connection is established. @ https://sbxkedebah-v2.npontu.com/build/assets/app-BQac9LSS.js:7
[74723643ms] [WARNING] WebSocket connection to 'wss://sbx-notify.kedebahlite.com:4444/app/wwypulxmt0gisyx9bav4?protocol=7&client=js&version=8.4.0&flash=false' failed: WebSocket is closed before the connection is established. @ https://sbxkedebah-v2.npontu.com/build/assets/app-BQac9LSS.js:7
[76636611ms] [WARNING] WebSocket connection to 'wss://sbx-notify.kedebahlite.com:4444/app/wwypulxmt0gisyx9bav4?protocol=7&client=js&version=8.4.0&flash=false' failed: WebSocket is closed before the connection is established. @ https://sbxkedebah-v2.npontu.com/build/assets/app-BQac9LSS.js:7
[77608729ms] [WARNING] WebSocket connection to 'wss://sbx-notify.kedebahlite.com:4444/app/wwypulxmt0gisyx9bav4?protocol=7&client=js&version=8.4.0&flash=false' failed: WebSocket is closed before the connection is established. @ https://sbxkedebah-v2.npontu.com/build/assets/app-BQac9LSS.js:7
[77623735ms] [WARNING] WebSocket connection to 'wss://sbx-notify.kedebahlite.com:4444/app/wwypulxmt0gisyx9bav4?protocol=7&client=js&version=8.4.0&flash=false' failed: WebSocket is closed before the connection is established. @ https://sbxkedebah-v2.npontu.com/build/assets/app-BQac9LSS.js:7
[78356701ms] [WARNING] WebSocket connection to 'wss://sbx-notify.kedebahlite.com:4444/app/wwypulxmt0gisyx9bav4?protocol=7&client=js&version=8.4.0&flash=false' failed: WebSocket is closed before the connection is established. @ https://sbxkedebah-v2.npontu.com/build/assets/app-BQac9LSS.js:7
[79329869ms] [WARNING] WebSocket connection to 'wss://sbx-notify.kedebahlite.com:4444/app/wwypulxmt0gisyx9bav4?protocol=7&client=js&version=8.4.0&flash=false' failed: WebSocket is closed before the connection is established. @ https://sbxkedebah-v2.npontu.com/build/assets/app-BQac9LSS.js:7
[79393958ms] [WARNING] WebSocket connection to 'wss://sbx-notify.kedebahlite.com:4444/app/wwypulxmt0gisyx9bav4?protocol=7&client=js&version=8.4.0&flash=false' failed: WebSocket is closed before the connection is established. @ https://sbxkedebah-v2.npontu.com/build/assets/app-BQac9LSS.js:7
[79469760ms] [WARNING] WebSocket connection to 'wss://sbx-notify.kedebahlite.com:4444/app/wwypulxmt0gisyx9bav4?protocol=7&client=js&version=8.4.0&flash=false' failed: WebSocket is closed before the connection is established. @ https://sbxkedebah-v2.npontu.com/build/assets/app-BQac9LSS.js:7
[79535920ms] [WARNING] WebSocket connection to 'wss://sbx-notify.kedebahlite.com:4444/app/wwypulxmt0gisyx9bav4?protocol=7&client=js&version=8.4.0&flash=false' failed: WebSocket is closed before the connection is established. @ https://sbxkedebah-v2.npontu.com/build/assets/app-BQac9LSS.js:7
[79672643ms] [WARNING] WebSocket connection to 'wss://sbx-notify.kedebahlite.com:4444/app/wwypulxmt0gisyx9bav4?protocol=7&client=js&version=8.4.0&flash=false' failed: WebSocket is closed before the connection is established. @ https://sbxkedebah-v2.npontu.com/build/assets/app-BQac9LSS.js:7
[79776163ms] [WARNING] WebSocket connection to 'wss://sbx-notify.kedebahlite.com:4444/app/wwypulxmt0gisyx9bav4?protocol=7&client=js&version=8.4.0&flash=false' failed: WebSocket is closed before the connection is established. @ https://sbxkedebah-v2.npontu.com/build/assets/app-BQac9LSS.js:7
[80851645ms] [WARNING] WebSocket connection to 'wss://sbx-notify.kedebahlite.com:4444/app/wwypulxmt0gisyx9bav4?protocol=7&client=js&version=8.4.0&flash=false' failed: WebSocket is closed before the connection is established. @ https://sbxkedebah-v2.npontu.com/build/assets/app-BQac9LSS.js:7
[80962272ms] [WARNING] WebSocket connection to 'wss://sbx-notify.kedebahlite.com:4444/app/wwypulxmt0gisyx9bav4?protocol=7&client=js&version=8.4.0&flash=false' failed: WebSocket is closed before the connection is established. @ https://sbxkedebah-v2.npontu.com/build/assets/app-BQac9LSS.js:7
[81189895ms] [WARNING] WebSocket connection to 'wss://sbx-notify.kedebahlite.com:4444/app/wwypulxmt0gisyx9bav4?protocol=7&client=js&version=8.4.0&flash=false' failed: WebSocket is closed before the connection is established. @ https://sbxkedebah-v2.npontu.com/build/assets/app-BQac9LSS.js:7
[81261003ms] [WARNING] WebSocket connection to 'wss://sbx-notify.kedebahlite.com:4444/app/wwypulxmt0gisyx9bav4?protocol=7&client=js&version=8.4.0&flash=false' failed: WebSocket is closed before the connection is established. @ https://sbxkedebah-v2.npontu.com/build/assets/app-BQac9LSS.js:7
[81324769ms] [WARNING] WebSocket connection to 'wss://sbx-notify.kedebahlite.com:4444/app/wwypulxmt0gisyx9bav4?protocol=7&client=js&version=8.4.0&flash=false' failed: WebSocket is closed before the connection is established. @ https://sbxkedebah-v2.npontu.com/build/assets/app-BQac9LSS.js:7
[81617279ms] [WARNING] WebSocket connection to 'wss://sbx-notify.kedebahlite.com:4444/app/wwypulxmt0gisyx9bav4?protocol=7&client=js&version=8.4.0&flash=false' failed: WebSocket is closed before the connection is established. @ https://sbxkedebah-v2.npontu.com/build/assets/app-BQac9LSS.js:7
[81723786ms] [WARNING] WebSocket connection to 'wss://sbx-notify.kedebahlite.com:4444/app/wwypulxmt0gisyx9bav4?protocol=7&client=js&version=8.4.0&flash=false' failed: WebSocket is closed before the connection is established. @ https://sbxkedebah-v2.npontu.com/build/assets/app-BQac9LSS.js:7
[81786807ms] [WARNING] WebSocket connection to 'wss://sbx-notify.kedebahlite.com:4444/app/wwypulxmt0gisyx9bav4?protocol=7&client=js&version=8.4.0&flash=false' failed: WebSocket is closed before the connection is established. @ https://sbxkedebah-v2.npontu.com/build/assets/app-BQac9LSS.js:7
[81850530ms] [WARNING] WebSocket connection to 'wss://sbx-notify.kedebahlite.com:4444/app/wwypulxmt0gisyx9bav4?protocol=7&client=js&version=8.4.0&flash=false' failed: WebSocket is closed before the connection is established. @ https://sbxkedebah-v2.npontu.com/build/assets/app-BQac9LSS.js:7
[81934834ms] [WARNING] WebSocket connection to 'wss://sbx-notify.kedebahlite.com:4444/app/wwypulxmt0gisyx9bav4?protocol=7&client=js&version=8.4.0&flash=false' failed: WebSocket is closed before the connection is established. @ https://sbxkedebah-v2.npontu.com/build/assets/app-BQac9LSS.js:7
[82004051ms] [WARNING] WebSocket connection to 'wss://sbx-notify.kedebahlite.com:4444/app/wwypulxmt0gisyx9bav4?protocol=7&client=js&version=8.4.0&flash=false' failed: WebSocket is closed before the connection is established. @ https://sbxkedebah-v2.npontu.com/build/assets/app-BQac9LSS.js:7
[82212061ms] [WARNING] WebSocket connection to 'wss://sbx-notify.kedebahlite.com:4444/app/wwypulxmt0gisyx9bav4?protocol=7&client=js&version=8.4.0&flash=false' failed: WebSocket is closed before the connection is established. @ https://sbxkedebah-v2.npontu.com/build/assets/app-BQac9LSS.js:7
[82222322ms] [ERROR] WebSocket connection to 'wss://sbx-notify.kedebahlite.com:4444/app/wwypulxmt0gisyx9bav4?protocol=7&client=js&version=8.4.0&flash=false' failed: Error in connection establishment: net::ERR_NETWORK_IO_SUSPENDED @ https://sbxkedebah-v2.npontu.com/build/assets/app-BQac9LSS.js:8
[83261498ms] [WARNING] WebSocket connection to 'wss://sbx-notify.kedebahlite.com:4444/app/wwypulxmt0gisyx9bav4?protocol=7&client=js&version=8.4.0&flash=false' failed: WebSocket is closed before the connection is established. @ https://sbxkedebah-v2.npontu.com/build/assets/app-BQac9LSS.js:7
[83291510ms] [ERROR] WebSocket connection to 'wss://sbx-notify.kedebahlite.com:4444/app/wwypulxmt0gisyx9bav4?protocol=7&client=js&version=8.4.0&flash=false' failed: Error in connection establishment: net::ERR_NAME_NOT_RESOLVED @ https://sbxkedebah-v2.npontu.com/build/assets/app-BQac9LSS.js:8
[83611417ms] [ERROR] WebSocket connection to 'wss://sbx-notify.kedebahlite.com:4444/app/wwypulxmt0gisyx9bav4?protocol=7&client=js&version=8.4.0&flash=false' failed: Error in connection establishment: net::ERR_NAME_NOT_RESOLVED @ https://sbxkedebah-v2.npontu.com/build/assets/app-BQac9LSS.js:8
[83626392ms] [ERROR] WebSocket connection to 'wss://sbx-notify.kedebahlite.com:4444/app/wwypulxmt0gisyx9bav4?protocol=7&client=js&version=8.4.0&flash=false' failed: Error in connection establishment: net::ERR_NAME_NOT_RESOLVED @ https://sbxkedebah-v2.npontu.com/build/assets/app-BQac9LSS.js:8
[84270127ms] [ERROR] WebSocket connection to 'wss://sbx-notify.kedebahlite.com:4444/app/wwypulxmt0gisyx9bav4?protocol=7&client=js&version=8.4.0&flash=false' failed: Error in connection establishment: net::ERR_INTERNET_DISCONNECTED @ https://sbxkedebah-v2.npontu.com/build/assets/app-BQac9LSS.js:8
[84271289ms] [ERROR] WebSocket connection to 'wss://sbx-notify.kedebahlite.com:4444/app/wwypulxmt0gisyx9bav4?protocol=7&client=js&version=8.4.0&flash=false' failed: Error in connection establishment: net::ERR_NAME_NOT_RESOLVED @ https://sbxkedebah-v2.npontu.com/build/assets/app-BQac9LSS.js:8
[84286215ms] [ERROR] WebSocket connection to 'wss://sbx-notify.kedebahlite.com:4444/app/wwypulxmt0gisyx9bav4?protocol=7&client=js&version=8.4.0&flash=false' failed: Error in connection establishment: net::ERR_NAME_NOT_RESOLVED @ https://sbxkedebah-v2.npontu.com/build/assets/app-BQac9LSS.js:8
[84732492ms] [ERROR] WebSocket connection to 'wss://sbx-notify.kedebahlite.com:4444/app/wwypulxmt0gisyx9bav4?protocol=7&client=js&version=8.4.0&flash=false' failed: Error in connection establishment: net::ERR_INTERNET_DISCONNECTED @ https://sbxkedebah-v2.npontu.com/build/assets/app-BQac9LSS.js:8
[84747813ms] [WARNING] WebSocket connection to 'wss://sbx-notify.kedebahlite.com:4444/app/wwypulxmt0gisyx9bav4?protocol=7&client=js&version=8.4.0&flash=false' failed: WebSocket is closed before the connection is established. @ https://sbxkedebah-v2.npontu.com/build/assets/app-BQac9LSS.js:7
[84752091ms] [WARNING] WebSocket connection to 'wss://sbx-notify.kedebahlite.com:4444/app/wwypulxmt0gisyx9bav4?protocol=7&client=js&version=8.4.0&flash=false' failed: WebSocket is closed before the connection is established. @ https://sbxkedebah-v2.npontu.com/build/assets/app-BQac9LSS.js:7
[84767095ms] [WARNING] WebSocket connection to 'wss://sbx-notify.kedebahlite.com:4444/app/wwypulxmt0gisyx9bav4?protocol=7&client=js&version=8.4.0&flash=false' failed: WebSocket is closed before the connection is established. @ https://sbxkedebah-v2.npontu.com/build/assets/app-BQac9LSS.js:7
[84843639ms] [WARNING] WebSocket connection to 'wss://sbx-notify.kedebahlite.com:4444/app/wwypulxmt0gisyx9bav4?protocol=7&client=js&version=8.4.0&flash=false' failed: WebSocket is closed before the connection is established. @ https://sbxkedebah-v2.npontu.com/build/assets/app-BQac9LSS.js:7
[84853254ms] [WARNING] WebSocket connection to 'wss://sbx-notify.kedebahlite.com:4444/app/wwypulxmt0gisyx9bav4?protocol=7&client=js&version=8.4.0&flash=false' failed: WebSocket is closed before the connection is established. @ https://sbxkedebah-v2.npontu.com/build/assets/app-BQac9LSS.js:7
[84868257ms] [WARNING] WebSocket connection to 'wss://sbx-notify.kedebahlite.com:4444/app/wwypulxmt0gisyx9bav4?protocol=7&client=js&version=8.4.0&flash=false' failed: WebSocket is closed before the connection is established. @ https://sbxkedebah-v2.npontu.com/build/assets/app-BQac9LSS.js:7
[84898260ms] [WARNING] WebSocket connection to 'wss://sbx-notify.kedebahlite.com:4444/app/wwypulxmt0gisyx9bav4?protocol=7&client=js&version=8.4.0&flash=false' failed: WebSocket is closed before the connection is established. @ https://sbxkedebah-v2.npontu.com/build/assets/app-BQac9LSS.js:7
[84946305ms] [WARNING] WebSocket connection to 'wss://sbx-notify.kedebahlite.com:4444/app/wwypulxmt0gisyx9bav4?protocol=7&client=js&version=8.4.0&flash=false' failed: WebSocket is closed before the connection is established. @ https://sbxkedebah-v2.npontu.com/build/assets/app-BQac9LSS.js:7
[84961314ms] [WARNING] WebSocket connection to 'wss://sbx-notify.kedebahlite.com:4444/app/wwypulxmt0gisyx9bav4?protocol=7&client=js&version=8.4.0&flash=false' failed: WebSocket is closed before the connection is established. @ https://sbxkedebah-v2.npontu.com/build/assets/app-BQac9LSS.js:7
[85029760ms] [WARNING] WebSocket connection to 'wss://sbx-notify.kedebahlite.com:4444/app/wwypulxmt0gisyx9bav4?protocol=7&client=js&version=8.4.0&flash=false' failed: WebSocket is closed before the connection is established. @ https://sbxkedebah-v2.npontu.com/build/assets/app-BQac9LSS.js:7
[85089766ms] [WARNING] WebSocket connection to 'wss://sbx-notify.kedebahlite.com:4444/app/wwypulxmt0gisyx9bav4?protocol=7&client=js&version=8.4.0&flash=false' failed: WebSocket is closed before the connection is established. @ https://sbxkedebah-v2.npontu.com/build/assets/app-BQac9LSS.js:7
[85149159ms] [WARNING] WebSocket connection to 'wss://sbx-notify.kedebahlite.com:4444/app/wwypulxmt0gisyx9bav4?protocol=7&client=js&version=8.4.0&flash=false' failed: WebSocket is closed before the connection is established. @ https://sbxkedebah-v2.npontu.com/build/assets/app-BQac9LSS.js:7
[85164164ms] [WARNING] WebSocket connection to 'wss://sbx-notify.kedebahlite.com:4444/app/wwypulxmt0gisyx9bav4?protocol=7&client=js&version=8.4.0&flash=false' failed: WebSocket is closed before the connection is established. @ https://sbxkedebah-v2.npontu.com/build/assets/app-BQac9LSS.js:7
[85177940ms] [ERROR] WebSocket connection to 'wss://sbx-notify.kedebahlite.com:4444/app/wwypulxmt0gisyx9bav4?protocol=7&client=js&version=8.4.0&flash=false' failed: Error in connection establishment: net::ERR_NETWORK_IO_SUSPENDED @ https://sbxkedebah-v2.npontu.com/build/assets/app-BQac9LSS.js:8
[85460253ms] [WARNING] WebSocket connection to 'wss://sbx-notify.kedebahlite.com:4444/app/wwypulxmt0gisyx9bav4?protocol=7&client=js&version=8.4.0&flash=false' failed: WebSocket is closed before the connection is established. @ https://sbxkedebah-v2.npontu.com/build/assets/app-BQac9LSS.js:7
[85502115ms] [WARNING] WebSocket connection to 'wss://sbx-notify.kedebahlite.com:4444/app/wwypulxmt0gisyx9bav4?protocol=7&client=js&version=8.4.0&flash=false' failed: WebSocket is closed before the connection is established. @ https://sbxkedebah-v2.npontu.com/build/assets/app-BQac9LSS.js:7
[85517131ms] [WARNING] WebSocket connection to 'wss://sbx-notify.kedebahlite.com:4444/app/wwypulxmt0gisyx9bav4?protocol=7&client=js&version=8.4.0&flash=false' failed: WebSocket is closed before the connection is established. @ https://sbxkedebah-v2.npontu.com/build/assets/app-BQac9LSS.js:7
[85547135ms] [WARNING] WebSocket connection to 'wss://sbx-notify.kedebahlite.com:4444/app/wwypulxmt0gisyx9bav4?protocol=7&client=js&version=8.4.0&flash=false' failed: WebSocket is closed before the connection is established. @ https://sbxkedebah-v2.npontu.com/build/assets/app-BQac9LSS.js:7
[85595138ms] [WARNING] WebSocket connection to 'wss://sbx-notify.kedebahlite.com:4444/app/wwypulxmt0gisyx9bav4?protocol=7&client=js&version=8.4.0&flash=false' failed: WebSocket is closed before the connection is established. @ https://sbxkedebah-v2.npontu.com/build/assets/app-BQac9LSS.js:7
[85610149ms] [WARNING] WebSocket connection to 'wss://sbx-notify.kedebahlite.com:4444/app/wwypulxmt0gisyx9bav4?protocol=7&client=js&version=8.4.0&flash=false' failed: WebSocket is closed before the connection is established. @ https://sbxkedebah-v2.npontu.com/build/assets/app-BQac9LSS.js:7
[85640159ms] [WARNING] WebSocket connection to 'wss://sbx-notify.kedebahlite.com:4444/app/wwypulxmt0gisyx9bav4?protocol=7&client=js&version=8.4.0&flash=false' failed: WebSocket is closed before the connection is established. @ https://sbxkedebah-v2.npontu.com/build/assets/app-BQac9LSS.js:7
[85700183ms] [WARNING] WebSocket connection to 'wss://sbx-notify.kedebahlite.com:4444/app/wwypulxmt0gisyx9bav4?protocol=7&client=js&version=8.4.0&flash=false' failed: WebSocket is closed before the connection is established. @ https://sbxkedebah-v2.npontu.com/build/assets/app-BQac9LSS.js:7
[85760208ms] [WARNING] WebSocket connection to 'wss://sbx-notify.kedebahlite.com:4444/app/wwypulxmt0gisyx9bav4?protocol=7&client=js&version=8.4.0&flash=false' failed: WebSocket is closed before the connection is established. @ https://sbxkedebah-v2.npontu.com/build/assets/app-BQac9LSS.js:7
[85820222ms] [WARNING] WebSocket connection to 'wss://sbx-notify.kedebahlite.com:4444/app/wwypulxmt0gisyx9bav4?protocol=7&client=js&version=8.4.0&flash=false' failed: WebSocket is closed before the connection is established. @ https://sbxkedebah-v2.npontu.com/build/assets/app-BQac9LSS.js:7
[85820258ms] [WARNING] WebSocket connection to 'wss://sbx-notify.kedebahlite.com:4444/app/wwypulxmt0gisyx9bav4?protocol=7&client=js&version=8.4.0&flash=false' failed: WebSocket is closed before the connection is established. @ https://sbxkedebah-v2.npontu.com/build/assets/app-BQac9LSS.js:7
[85835266ms] [WARNING] WebSocket connection to 'wss://sbx-notify.kedebahlite.com:4444/app/wwypulxmt0gisyx9bav4?protocol=7&client=js&version=8.4.0&flash=false' failed: WebSocket is closed before the connection is established. @ https://sbxkedebah-v2.npontu.com/build/assets/app-BQac9LSS.js:7
[85865285ms] [WARNING] WebSocket connection to 'wss://sbx-notify.kedebahlite.com:4444/app/wwypulxmt0gisyx9bav4?protocol=7&client=js&version=8.4.0&flash=false' failed: WebSocket is closed before the connection is established. @ https://sbxkedebah-v2.npontu.com/build/assets/app-BQac9LSS.js:7
[85925294ms] [WARNING] WebSocket connection to 'wss://sbx-notify.kedebahlite.com:4444/app/wwypulxmt0gisyx9bav4?protocol=7&client=js&version=8.4.0&flash=false' failed: WebSocket is closed before the connection is established. @ https://sbxkedebah-v2.npontu.com/build/assets/app-BQac9LSS.js:7
[85951006ms] [ERROR] WebSocket connection to 'wss://sbx-notify.kedebahlite.com:4444/app/wwypulxmt0gisyx9bav4?protocol=7&client=js&version=8.4.0&flash=false' failed: Error in connection establishment: net::ERR_NETWORK_IO_SUSPENDED @ https://sbxkedebah-v2.npontu.com/build/assets/app-BQac9LSS.js:8
[86347936ms] [WARNING] WebSocket connection to 'wss://sbx-notify.kedebahlite.com:4444/app/wwypulxmt0gisyx9bav4?protocol=7&client=js&version=8.4.0&flash=false' failed: WebSocket is closed before the connection is established. @ https://sbxkedebah-v2.npontu.com/build/assets/app-BQac9LSS.js:7
[86362962ms] [WARNING] WebSocket connection to 'wss://sbx-notify.kedebahlite.com:4444/app/wwypulxmt0gisyx9bav4?protocol=7&client=js&version=8.4.0&flash=false' failed: WebSocket is closed before the connection is established. @ https://sbxkedebah-v2.npontu.com/build/assets/app-BQac9LSS.js:7
[86413603ms] [WARNING] WebSocket connection to 'wss://sbx-notify.kedebahlite.com:4444/app/wwypulxmt0gisyx9bav4?protocol=7&client=js&version=8.4.0&flash=false' failed: WebSocket is closed before the connection is established. @ https://sbxkedebah-v2.npontu.com/build/assets/app-BQac9LSS.js:7
[86463906ms] [WARNING] WebSocket connection to 'wss://sbx-notify.kedebahlite.com:4444/app/wwypulxmt0gisyx9bav4?protocol=7&client=js&version=8.4.0&flash=false' failed: WebSocket is closed before the connection is established. @ https://sbxkedebah-v2.npontu.com/build/assets/app-BQac9LSS.js:7
[86478915ms] [WARNING] WebSocket connection to 'wss://sbx-notify.kedebahlite.com:4444/app/wwypulxmt0gisyx9bav4?protocol=7&client=js&version=8.4.0&flash=false' failed: WebSocket is closed before the connection is established. @ https://sbxkedebah-v2.npontu.com/build/assets/app-BQac9LSS.js:7
[86542449ms] [WARNING] WebSocket connection to 'wss://sbx-notify.kedebahlite.com:4444/app/wwypulxmt0gisyx9bav4?protocol=7&client=js&version=8.4.0&flash=false' failed: WebSocket is closed before the connection is established. @ https://sbxkedebah-v2.npontu.com/build/assets/app-BQac9LSS.js:7
[86564074ms] [WARNING] WebSocket connection to 'wss://sbx-notify.kedebahlite.com:4444/app/wwypulxmt0gisyx9bav4?protocol=7&client=js&version=8.4.0&flash=false' failed: WebSocket is closed before the connection is established. @ https://sbxkedebah-v2.npontu.com/build/assets/app-BQac9LSS.js:7
[86579078ms] [WARNING] WebSocket connection to 'wss://sbx-notify.kedebahlite.com:4444/app/wwypulxmt0gisyx9bav4?protocol=7&client=js&version=8.4.0&flash=false' failed: WebSocket is closed before the connection is established. @ https://sbxkedebah-v2.npontu.com/build/assets/app-BQac9LSS.js:7
[86609083ms] [WARNING] WebSocket connection to 'wss://sbx-notify.kedebahlite.com:4444/app/wwypulxmt0gisyx9bav4?protocol=7&client=js&version=8.4.0&flash=false' failed: WebSocket is closed before the connection is established. @ https://sbxkedebah-v2.npontu.com/build/assets/app-BQac9LSS.js:7
[86671475ms] [WARNING] WebSocket connection to 'wss://sbx-notify.kedebahlite.com:4444/app/wwypulxmt0gisyx9bav4?protocol=7&client=js&version=8.4.0&flash=false' failed: WebSocket is closed before the connection is established. @ https://sbxkedebah-v2.npontu.com/build/assets/app-BQac9LSS.js:7
[86686477ms] [WARNING] WebSocket connection to 'wss://sbx-notify.kedebahlite.com:4444/app/wwypulxmt0gisyx9bav4?protocol=7&client=js&version=8.4.0&flash=false' failed: WebSocket is closed before the connection is established. @ https://sbxkedebah-v2.npontu.com/build/assets/app-BQac9LSS.js:7
[86714351ms] [ERROR] WebSocket connection to 'wss://sbx-notify.kedebahlite.com:4444/app/wwypulxmt0gisyx9bav4?protocol=7&client=js&version=8.4.0&flash=false' failed: Error in connection establishment: net::ERR_NETWORK_IO_SUSPENDED @ https://sbxkedebah-v2.npontu.com/build/assets/app-BQac9LSS.js:8
[86762922ms] [WARNING] WebSocket connection to 'wss://sbx-notify.kedebahlite.com:4444/app/wwypulxmt0gisyx9bav4?protocol=7&client=js&version=8.4.0&flash=false' failed: WebSocket is closed before the connection is established. @ https://sbxkedebah-v2.npontu.com/build/assets/app-BQac9LSS.js:7
[86777930ms] [WARNING] WebSocket connection to 'wss://sbx-notify.kedebahlite.com:4444/app/wwypulxmt0gisyx9bav4?protocol=7&client=js&version=8.4.0&flash=false' failed: WebSocket is closed before the connection is established. @ https://sbxkedebah-v2.npontu.com/build/assets/app-BQac9LSS.js:7
[86808024ms] [WARNING] WebSocket connection to 'wss://sbx-notify.kedebahlite.com:4444/app/wwypulxmt0gisyx9bav4?protocol=7&client=js&version=8.4.0&flash=false' failed: WebSocket is closed before the connection is established. @ https://sbxkedebah-v2.npontu.com/build/assets/app-BQac9LSS.js:7
[86867387ms] [WARNING] WebSocket connection to 'wss://sbx-notify.kedebahlite.com:4444/app/wwypulxmt0gisyx9bav4?protocol=7&client=js&version=8.4.0&flash=false' failed: WebSocket is closed before the connection is established. @ https://sbxkedebah-v2.npontu.com/build/assets/app-BQac9LSS.js:7
